count	before	after	example
3466	ea	ya	Thuto ea 1 · Ho Ithuta ho Mamela — tloaelo ea
1035	oa	wa	oa hau: ho hola kamanong e phelang le Mo
968	lentsoe	lentswe	lelang, limphong tsa Hae, le ho utloeng lentsoe la Molimo. Tsohle tse tharo li h
595	'me	mme	Moya o Halalelang o se o phela ho uena, 'me o
457	Molimo	Modimo	Thuto ea 1 · Ho Utloa Lentsoe la Molimo
452	li	di	eng lentsoe la Molimo. Tsohle tse tharo li hola motso o le mong — tloaelo ea ho
450	joalo	jwalo	Ha ho joalo — bala hape §3. Tlhahlobo ea Lengo
398	'ngoe	nngwe	tsoeng hape ka 'nete o na le potso e le 'ngoe feela: Nka hola joang tsamaisong e
362	holim'a	hodima	lalelang / prophetic-school. E thehiloe holim'a
298	utloa	utlwa	— tloaelo ea letsatsi le letsatsi ea ho utloa Moya o Halalelang
282	'nete	nnete	e mong le e mong ea tsoetsoeng hape ka 'nete o na le potso e le 'ngoe feela: Nk
164	limpho	dimpho	a, ba babe, le tseba ho fa bana ba lona limpho tse molemo, na Ntate oa maholimo
162	khotso	kgotso	Mohlomong u tla utloa thabo le khotso ka hare ho hau, empa leha u sa ut
162	moea	moya	na, kapa ke 'Na? — ho khetholla Moya ho moea oa hau
159	tsoa	tswa	mpho ea batho ba khethehileng moeeng. E tsoa kamanong eo u seng u e-na le eona:
156	tloaelo	tlwaelo	Thuto ea 1 · Ho Ithuta ho Mamela — tloaelo ea letsatsi le letsatsi ea ho ut
155	mantsoe	mantswe	feta metsotsoana e 30. Ebe re khalemela mantsoe ohle a bobe a ka buang le rona,
150	joale	jwale	Haeba u rapetse thapelo ena, joale u tsoetsoe hape 'me u ka bala John
149	Moea	Moya	Moea
121	Lentsoe	Lentswe	Thuto ea 1 · Ho Utloa Lentsoe la Molimo
109	'na	nna	nete, u ka rapela thapelo e latelang le 'na e le hore u kene leetong lena le tha
106	bokhoni	bokgoni	a le Moya o Halalelang, sena se qala ka bokhoni bo le bong: ho khutsa le ho mame
105	tsoang	tswang	Ena ke tloaelo e hlakileng e tsoang thutong ea hau. E le khutšoane ka
101	qotsitsoe	qotsitswe	; Luke 11:13; 1 John 4:1–2 (joalokaha e qotsitsoe temaneng ea thuto). Thuto: W
99	tsamaea	tsamaya	mong oa tloaelo eo u ka o etsang ha u tsamaea ho e-na le ho koala mahlo? Feela
97	seliba	sediba	seliba ka hare
94	lumellana	dumellana	2 · Na e lumellana le
90	mokhoa	mokgwa	olo empa e tebileng eo u ka e hodisang: mokhoa oa ho lula fatše, ho khutsa, le h
90	sebelisa	sebedisa	sebelisa
86	peli	pedi	Joale u na le lintho tse peli tseo u neng u se na le tsona hoseng
86	tšabo	tshabo	sale pele ka sefapano mme, ka lerato le tšabo, a mo kopa hore a se ee teng. O ne
83	Joale	Jwale	"Joale haeba lona, ba babe, le tseba ho f
82	ling	ding	Kaha re ntse re ithuta, ka linako tse ling re tla fosa — ra nka kelello kapa m
80	Mohloli	Mohlodi	Mohloli: Wikus Vorster,
79	khetholla	kgetholla	ka boeona e holisa bokhoni ba hau ba ho khetholla lentsoe la Hae.
78	tloaelehileng	tlwaelehileng	Pelaelo eo ke monyako o tloaelehileng oa ho ithuta bokhoni bona,
69	utloang	utlwang	boitaolo ba oona, empa tsohle tseo a li utloang o tla li bua, 'me o tla le bolel
67	lula	dula	bileng eo u ka e hodisang: mokhoa oa ho lula fatše, ho khutsa, le ho mo utloa —
65	khaolo	kgaolo	("Walking in Power"), khaolo
65	ts'oanang	tshwanang	— u ntse u e beha pel'a litlhahlobo tse ts'oanang:
64	bobeli	bobedi	U ekelitse mpho ea bobeli e lebisitsoeng ka ntle. Boprofeta
60	boitoanyo	boitwanyo	Karolo eo ea ho qetela ke sepheo sa boitoanyo bohle. E koala potoloho — 'me
58	Mehloli	Mehlodi	Mehloli — Lengolo: John 16:13; Luke 11:1
57	live	dive	and pushes live changes into the sandboxed iframe v
57	tšepiso	tshepiso	ula mpho ena eseng ka tlhaloso, empa ka tšepiso — temana e le 'ngoe ea Lengolo e
56	linako	dinako	Kaha re ntse re ithuta, ka linako tse ling re tla fosa — ra nka kel
56	lintho	dintho	Joale u na le lintho tse peli tseo u neng u se na le t
55	khutsitseng	kgutsitseng	sebaka se khutsitseng
54	tsoela	tswela	Hlokomela hore e bohareng e tsoela pele ho Thuto ea 1: Moya
53	joang	jwang	na le potso e le 'ngoe feela: Nka hola joang tsamaisong ea ka le Molimo? Molimo
53	'Me	Mme	hanyetsanang le eona ha e tsoe ho Eena. 'Me thuto e hlakisa hore bona ke bokhoni
52	setšoantšo	setshwantsho	e ua botsa potso ea hau. Joale ho hlaha setšoantšo, mohopolo o fanang ka tsebo e
51	Bokhoni	Bokgoni	Bokhoni bo le bong: tloaelo ea letsatsi
51	tlatsoa	tlatswa	pele — empa joale karolo ea ho qetela e tlatsoa ke
51	cheka	tjheka	cheka gauda e ka hare ho lerole
48	litsela	ditsela	O bua ka litsela tse ngata
48	kholo	kgolo	ne ba nahana hore kutlo e bolela ntho e kholo — ho tlohela mosebetsi, ho fallela
45	tšoanang	tshwanang	Bokhoni bo tšoanang boo u boneng u ntse u bo haha —
44	bohlokoa	bohlokwa	ajeno e shebane le tloaelo ea bophelo e bohlokoa haholo empa e tebileng eo u ka
44	'mele	mmele	mpa haeba ka Moya le bolaea liketso tsa 'mele, le tla phela. Hobane bohle ba
43	beoa	bewa	Ha li beoa pel'a potso ea mohloli, tsena li fe
40	tataisoa	tataiswa	Ho tataisoa ke bophelo bo tloaelehileng ba
40	utloahala	utlwahala	ato la 'nete, bohlale ba botho — o ne o utloahala o kholisa. Empa e ne e s'a ka
39	mohloli	mohlodi	Bokhoni bo le bong: fumana mohloli — moya kapa moea
39	Limpho	Dimpho	Limpho ha li tsoe mohloling o fapaneng o
39	khahlanong	kgahlanong	Testamente ea Khale khahlanong le Testamente e Ncha: ha ho t
39	khale	kgale	ke ea hau, re tla tsamaisa potoloho ea khale —
39	Liketso	Diketso	botlalo. E fana ka mehlala e 'meli. Ho Liketso{{0}}16 lekhabunyane le neng le "
38	lebisitsoeng	lebisitsweng	ha. Ke ho utloa oo u seng u ho etsa, ho lebisitsoeng ho motho e mong ho e-na le
38	meea	meya	ho khetholla meea
37	tichere	titjhere	Ke 'na tichere ea hau — mpotse eng kapa eng.
36	khona	kgona	o utloa Moya o Halalelang haholo, u tla khona ho hlalosa se tsoang kelellong le
36	botšepehi	botshepehi	re etse qeto ka mohato o monyenyane oa botšepehi oo u ka o nkang. Ha u na bon
35	likarolo	dikarolo	tlhahlobo ea likarolo tse tharo
35	kentsoeng	kentsweng	(p.{{0}}23), lisebelisoang tsa hau tse kentsoeng. Bala lethathamo ka botle 'm
34	khutsisa	kgutsisa	2. Ka mor'a ho khutsisa kelello ea hau, tloaelo e re u
34	khafetsa	kgafetsa	tloaelo eo u ka e phetang khafetsa
34	oli	odi	oli
33	ncha	ntjha	Na le senola thuto e ncha
32	tšusumetso	tshusumetso	tšusumetso
32	sesebelisoa	sesebediswa	"Molimo ke sesebelisoa feela sa ho finyella sepheo
32	tšoara	tshwara	aleme le ho tsentsha satellite dish: e "tšoara sesupo se romelloang lefatšeng 'm
30	lulang	dulang	kotsing ea ho fosa; ke ka lebaka leo u lulang u le boikokobetso 'me ua fana, u
30	ikutloa	ikutlwa	goe e ne e le ho botsa batho hore na ba ikutloa joang ka mor'a moo le ho tsoela
29	behiloe	behilwe	E behiloe bakeng sa Thuto ea 2
28	boitšepo	boitshepo	Letšoao le hlakileng ka ho fetisisa — boitšepo bo hokae?
27	fatše	fatshe	g eo u ka e hodisang: mokhoa oa ho lula fatše, ho khutsa, le ho mo utloa — hammo
27	utloe	utlwe	U entsoe hore u utloe
27	lumella	dumella	✓ E nepahetse — mohato oa 5. U mo lumella ho bua mme u lumele seo u se utl
27	lisebelisoang	disebediswang	(pp.{{0}}20–25). E teng lisebelisoang tseo u li kentseng, 'me
27	Ea	Ya	e khothatsang. Fana ka ntho e nyenyane. Ea sebakeng se khutsitseng seo u utloile
27	patiloeng	patilweng	ho e tseba — lebitso, boemo, bohloko bo patiloeng. Bohlale bo u bolella
27	Ncha	Ntjha	soe la tsebo. Boprofeta ba Testamente e Ncha ke lentsoe le fuoang ke Moya bakeng
26	khutsa	kgutsa	sena se qala ka bokhoni bo le bong: ho khutsa le ho mamela.
26	lithuto	dithuto	sumetso, u e beha pel'a litlhahlobo tsa lithuto tse fetileng:
26	sebelisoa	sebediswa	sebelisoa
26	khothatsa	kgothatsa	eo sa lona ka botlalo e leng ho aha, ho khothatsa, le ho tšelisa — le sireledits
26	boemeli	boemedi	ang o leng mobe o etselitsoe thapelo ea boemeli le ho tlisoa tlas'a mali a Jesu.
26	tholoana	tholwana	tsa hore kelello ea hau e se ke ea beha tholoana. Joale u tlameha ho theetsa moe
25	sekhala	sekgala	4. Tlatsa sekhala ho tsoa ho §1: "Sepheo sa limpho
25	itšetlehile	itshetlehile	sang tse ling tsohle — hobane tsohle li itšetlehile ho utloa, 'me ho bua ka male
25	Timothea	Timothya	šabo — thuto e supa taelo ea Pauluse ho Timothea, eo neo ea hae e ileng "ea tsos
24	tšepang	tshepang	e se e le tloaelo e tsitsitseng eo u e tšepang, mohato o latelang oo mosebetsi
24	fanoa	fanwa	Lentsoe la tsebo le fanoa ka
23	lumelle	dumelle	kopa u mphe Moya o Halalelang mme u mo lumelle ho bua le 'na".
23	lumela	dumela	Sehlomathiso ke mohato oa 5 — "lumela seo u se utloang."
23	life	dife	2. Ke life tse tharo tseo mpho ena e li khetho
23	tsamaeang	tsamayang	a ho utloa le maqhubu a eona a mararo a tsamaeang ka ntle. Ho tloha
23	'ne	nne	ohle ea ho utloa le limpho tsa eona tse 'ne. Ho tloha
23	liatla	diatla	(impartation, ho beoa liatla; khaolo{{0}}6). Re tla nka e 'ngo
22	Sesebelisoa	Sesebediswa	Sesebelisoa: John 16:13
22	moeli	moedi	ho ena temaneng e le 'ngoe ebe e bolela moeli oa eona ka mantsoe a hlakileng:
22	holimo	hodimo	atellano e ts'oanang le e temaneng e ka holimo. Mohlala oa thuto ka boeona o ets
22	lisebelisoa	disebediswa	e limpho tsa matla tseo thuto ea hau le lisebelisoa tsa hau li li bulang ho late
22	khutlela	kgutlela	Ho khutlela
21	Tloaelo	Tlwaelo	Tloaelo — mehato e supileng ea ho utloa
21	tloaelehang	tlwaelehang	elehileng ba Mokreste — eseng mpho e sa tloaelehang. Empa hore u
21	botšelela	botshelela	Mohato oa botšelela
21	buuoang	buuwang	Maleme a batho, a buuoang bakeng sa mosebetsi oa evangeli
21	noa	nwa	o moo re jang lentsoe le buuoang mme re noa Moya."
21	phethiloeng	phethilweng	u sebedisa mosebetsi o phethiloeng oa sefapano
21	litlotso	ditlotso	Thuto 55 · Mosebetsi oa litlotso — botlalo bo le bong, bo lokolo
20	khatello	kgatello	Katlolo, tšhoho, le khatello ke matšoao a lentsoe le leng; M
20	'meli	mmedi	borena ba Molimo ha A bua le uena 'me e 'meli ea ho qetela e leka mme e{{0}}
20	sechaba	setjhaba	ula e nang e le tsohang"; ho hlaha hore sechaba se otliloeng ke komello se ne se
20	khone	kgone	pelang "o lokela ho rapela hore a tle a khone ho hlalosa" (1 Corinthians 14:13,
20	liliba	diliba	ana ea seliba se cheklitsoeng, eseng ea liliba se fumanoeng ka mahlohonolo. Ke k
20	itlhoahlaotsa	itlhwahlaotsa	a ke bokhoni bo ithutoang: "re hloka ho itlhoahlaotsa le ho ithuta bokhoni ba ho
19	sebelisang	sebedisang	misa litsela tse ngata tseo Molimo a li sebelisang — mo lebelle ho tsona tsohle:
19	letšoao	letshwao	hileng oa ho ithuta bokhoni bona, eseng letšoao la hore u oa hloleha. Phenyo e l
19	liteko	diteko	1) Bobe bo tla tlisa liteko, litlhahiso, mehopolo e bohloko e
19	mekhoa	mekgwa	, letho ha le na thuso, joalo-joalo. Ke mekhoa ea mehopolo e u tsietsang le ho u
19	Litsela	Ditsela	Thuto ea 3 · Litsela tse ngata tseo A buang ka tsona
19	khutso	kgutso	Ka khutso, ka litsela tse tloaelehileng
19	etsoa	etswa	. Ke ho utloa, ho lekiloe, mme ha etsoa ka eona — bakeng sa hau ka boeena.
19	senoelo	senwelo	Tlisa senoelo se seholoanyane — mohau le tumel
18	ngotsoeng	ngotsweng	Moya ha o ke o hanyetsane le Lentsoe le ngotsoeng, mme lentsoe la hae, joalokaha
18	lentsoeng	lentsweng	g ka eona ke eona hantle eo u e tlisang lentsoeng bakeng sa motho e mong.
18	tšelisa	tshedisa	lalo e leng ho aha, ho khothatsa, le ho tšelisa — le sireleditsoe ke "tantsho" e
18	Mantsoe	Mantswe	Mantsoe a mararo:
18	ntša	ntsha	a teng ka lentsoe le phahameng. Thuto e ntša qeto e tebileng: tekanyo ea tumelo
18	Pauluse	Pauduse	eo e e phethang, joalo ka ha re boneng Pauluse a rapela ha raro hore lehlaba le
18	fanoeng	fanweng	tso. Vallotton o lemosa hore lentsoe le fanoeng "ha re se na kamano kapa boikara
17	khaotsa	kgaotsa	tsela tse ngata tseo A buang ka tsona — khaotsa ho leta lentsoe
17	thehiloe	thehilwe	Moya o Halalelang / prophetic-school. E thehiloe holim'a
17	lintlha	dintlha	huto ea 1), kopa Moya ho hong ka eena — lintlha, khothatso, ho hong hoo a nyamel
17	borapeli	borapedi	koetlisa leru lena la thabo, boprofeta, borapeli, ho tlala Moya o Halalelang, ho
17	tshoara	tshwara	Polelo eo u lokelang ho e tshoara
17	litšepiso	ditshepiso	le kano/litšepiso tse tsoang ntlheng ea hore o r
17	boitloaetso	boitlwaetso	Ho itlhoahlaotsa ka neo (boitloaetso bo bonolo / ho "botsisisa" l
16	lumelang	dumelang	ka seo u se lumelang ho tsoa ho Molimo se
16	tataisoang	tataiswang	tataisoang ke Moya oa Molimo
16	hahiloe	hahilwe	ya o Halalelang / prophetic-school. E hahiloe ho
16	khothatsang	kgothatsang	lileng kelellong ea hau. Bua lentsoe le khothatsang. Fana ka ntho e nyenyane. Ea
16	behiloeng	behilweng	eng feela bafodisi ba pakiloeng kapa ba behiloeng.
16	tšepahalang	tshepahalang	le o mong o phethahetseng ke bopaki bo tšepahalang ba hore u ntse u mo utloa —
15	tiisitsoeng	tiisitsweng	ela le ka mohla — ke eona feela tsela e tiisitsoeng ea ho se hole.
15	balumeli	badumedi	Molimo o bua ka lentsoe le phahameng ho balumeli ba hōlileng
15	mosali	mosadi	alalelang. Mosebetsi oa hau, monna kapa mosali oa hau, thato ea hau, mehopolo, m
15	Lithuto	Dithuto	seo se tlileng ka eona. Ke moo Lithuto tsa 1 le 2 li kenellang teng. Le
15	tšoere	tshwere	" — eseng "Morena o re joana." U ntse u tšoere molala oa
15	Setšoantšo	Setshwantsho	. Setšoantšo sa thuto se tloaelehile 'me s
15	etsoang	etswang	nyane, se haufi, se sa beheng kotsi, se etsoang ka bohlale. Ka ntle:
15	tsoele	tswele	ohlelletsong ea moea, e le hore u tle u tsoele pele u e-na le khotso.
15	likolo	dikolo	: "batla likolo tse nepahetseng lefatšeng ka boph
15	thetsoa	thetswa	anong le Mangolo… e le hore ke se ke ka thetsoa" le hore u utloe "ka boitsetseho
15	Che	Tjhe	ke ka lebaka leo u ngolang pele u bua. "Che" e 'nete e u ruta ho lekana le "e" m
15	reretsoe	reretswe	ho Moea o Halalelang o leng bokhelohi o reretsoe thapelo ea boemeli le ho o isa
14	lefatšeng	lefatsheng	aeba u romelletse Jesu e le Mora oa hao lefatšeng mme a shoela sefapanong bakeng
14	matšoao	matshwao	Katlolo, tšhoho, le khatello ke matšoao a lentsoe le leng; Moya o Halale
14	utloahalang	utlwahalang	Jesu 'me le mo hlompha, eseng kamoo le utloahalang kateng.
14	lebisitsoe	lebisitswe	seo A se boneng. Tataiso e lebisitsoe ketsong — ho utloa ho sa sisi
14	beang	byang	bo. Mpho e latelang eo thuto ea hau e e beang haufi le eona ke
14	senoloa	senolwa	olela moea oa ka makunutu 'me hamorao a senoloa boko ba ka
14	boloetse	bolwetse	ka le le leng le tšoarelo. Thuto e beha boloetse le sebe maemong a a tšoanang se
14	'meleng	mmeleng	tloa ho tloha Lithuto 1–4, e leba joale 'meleng o pel'a hau. O u hlohlelletsa ho
14	Khaolo	Kgaolo	, Khaolo{{0}}9 ("Practicing Prophecy," maq
14	che	tjhe	boitoanyo. Haeba u ipumana u phehisana "che, e tlameha ho bolela…," u khaotsile
14	lia	dia	a hamorao", p.{{0}}45), mme diphetho ha lia ka tsa ba ntlha ea ho lekanya tumelo
13	lefatše	lefatshe	"Hobane Molimo o ratile lefatše hakalo, o bile a fana ka Mora oa
13	bofokoli	bofokodi	tšhoho, kapa boitlhakisi → e tšoare ka bofokoli mme u e lekole ka Lengolo pele
13	haholoanyane	haholwanyane	Leta letšoao le leng le hlakileng haholoanyane
13	lule	dule	e qala ka 'kutlo moo u leng teng' mme u lule u e-na le boikarabelo — e nyenyane
13	mocha	motjha	ela le eona, 'me le eona hase mohloli o mocha oa matla: ke ho utloa ho ts'oanang
13	pontšo	pontsho	oloho ea hau hae. Ho bua ka maleme hase pontšo — ke mokhoa oa ho "bolaya puso ea
13	speaking	spyaking	— "Gift of speaking in different tongues", pp.{{0}}
13	utloahale	utlwahale	oa thuto ka boeona o etsa hore sena se utloahale. Ha a rapela ka maleme "ho khu
13	Khetha	Kgetha	Khetha nako e nang le lerata
13	baloa	balwa	Mohloli oa motheo oa ho baloa bekeng ena:
13	tšimo	tshimo	tšimo e sa lengoang
12	secha	setjha	re file Moya o Halalelang selekaneng se secha.{{0}} Ha re batla ho hola kamanong
12	leholimong	lehodimong	oe la Molimo ka boiteko kapa u finyelle leholimong le hole. Moya o Halalelang o
12	maholimo	mahodimo	ba lona limpho tse molemo, na Ntate oa maholimo a ke ke a feta ho
12	Mokhoa	Mokgwa	Mokhoa oa ho utloa Moya o Halalelang
12	lumellanang	dumellanang	lumellanang le Lengolo
12	sekheo	sekgeo	4. Tlatsa sekheo: lentsoe la Moya o Halalelang "le
12	litlhahlobo	ditlhahlobo	E lekole ka litlhahlobo tse tharo
12	Khotso	Kgotso	Khotso e lebisitseng thatong ea Hae?
12	tsoelang	tswelang	Tataiso e tshepisitsoe e le mosebetsi o tsoelang pele oa Moya — eseng ketsahalo
12	motsoalle	motswalle	, khotso, tšusumetso, boemo, lentsoe la motsoalle, temana e amang pelo. Tsena ke
12	tsamaisoa	tsamaiswa	tsamaisoa
12	eang	yang	moo e eang teng
12	Khale	Kgale	akeng tsa Baporofeta ba Testamenteng ea Khale le ba Testamenteng e Ncha", pp.{{0
12	tšoereng	tshwereng	utloa moea o mobe, o bona "lengeloi le tšoereng sabole e phunyeletsoeng haufi l
12	buuoa	buuwa	ng sa hau, ha ho lebisoe bochabeng — ho buuoa ho Molimo, 'me ho tlisa "makunutu"
12	Oa	Wa	Oa pele ke setšoantšo sa Pentekonta — "b
12	meeli	meedi	ime hoo; e hlohlelletsa sebete ka har'a meeli eo. Tumelo le teko (Thuto 1) ke ba
12	felile	fedile	Ka ho nahana ho fihlela pelaelo e felile
12	tloaetseng	tlwaetseng	e ba tsamaea le mphong ea boprofeta… Ba tloaetseng ho tsamaea Moeeng o Halalelan
12	lipapali	dipapadi	lotton a bapisang diari le lifilimi tsa lipapali:
12	litlhaku	ditlhaku	receive from it{{1}} — mongolo o na le litlhaku tse hlano, v‑a‑l‑u‑e.
12	bolaoli	bolaodi	nahala eka ho na le keketseho matleng a bolaoli. Empa ke lumela hore ke keketseh
12	lekantsoeng	lekantsweng	Seo se siea potso e hlakileng e lekantsoeng. Haeba lentsoe le fosahetsen
12	linaledi	dinaledi	Thuto 40 · Lerole, lehlabathe le linaledi
12	hlahlobiloe	hlahlobilwe	, leq. 83 · e hlahlobiloe hape ho tloha ho L37/L48
12	nngoe	nngwe	, e seng ketsahalo e le nngoe: kaha "'nete ea hore u rapela ka m
11	tšaba	tshaba	. Ho tšaba ho fosa — 'me ka lebaka leo u se k
11	koala	kwala	ka o etsang ha u tsamaea ho e-na le ho koala mahlo? Feela mpotse ka moqoqong.
11	litakatso	ditakatso	— litakatso tsa 'mele
11	khutsitse	kgutsitse	Lula u khutsitse, hopola ho hong hoo u kileng u
11	khoebo	kgwebo	le boemo — "khoebo kapa bana ba rona, lenyalo kapa b
11	molumeli	modumedi	tlhaloso ea mpho ena bakeng sa molumeli oa Testamente e Ncha.
11	sebelisoang	sebediswang	kamehla: khutšoane, e thehiloeng, e ka sebelisoang hang-hang — hang ha ho rapel
11	bontša	bontsha	e nka mpho ea ho qetela ea matla 'me e bontša hore e sebetsa ka mochini o tšoan
11	Boitoanyo	Boitwanyo	. Boitoanyo bo bonolo ka ho fetisisa ba Va
10	lumele	dumele	ile ha u ithuta. Balumeli ba bang ha ba lumele hore motho o ka utloa Moya o Hala
10	khalemela	kgalemela	kahale ho feta metsotsoana e 30. Ebe re khalemela mantsoe ohle a bobe a ka buang
10	holisa	hodisa	hape §3. Thuto e re tloaelo ka boeona e holisa bokhoni ba hau ba ho khetholla le
10	tšoare	tshware	Khatello, tšhoho, kapa boitlhakisi → e tšoare ka bofokoli mme u e lekole ka Len
10	bontšang	bontshang	la e thathamisa litsela tseo Lengolo le bontšang A li sebelisa:
10	'maloa	mmalwa	a ka buang ka tsona. A re boleleng tse 'maloa:"
10	khetha	kgetha	Kahoo khetha ntho e
10	tšeletseng	tsheletseng	Ho amohela ke mehlano feela ea mehato e tšeletseng; oa botšelela —
10	bocha	botjha	a ke litaba tse monate: hase bokhoni bo bocha. Ke ho utloa oo u seng u ho etsa,
10	babeli	babedi	e lahlehileng li fumanoe, hore banna ba babeli ba tla mo kopana lebitleng la Rag
10	Bukantsoe	Bukantswe	Bukantsoe
10	mabeli	mabedi	Lebitso le le leng, mantsoe a mabeli.
10	lifilimi	difidimi	ebaka leo Vallotton a bapisang diari le lifilimi tsa lipapali:
10	liehile	diehile	oe (ho le nyatsa, ho le lahla hobane le liehile) — 'me e u tataisa lipakeng tsa
10	liheke	diheke	Balebeli ba liheke ba bona kamore eohle — thoriso, t
10	chekileng	tjhekileng	ataiso e tla habonolo joalo ka motho ea chekileng ka mor'a metsi seliba mme a fu
10	tšepisa	tshepisa	Ha Molimo A tšepisa, O a e etsa." Ke sephiri se tebi
10	selikalikoe	sedikadikwe	selikalikoe sa maikutlo
9	shoela	shwela	e Jesu e le Mora oa hao lefatšeng mme a shoela sefapanong bakeng sa bohle. Le ba
9	khutšoane	kgutshwane	hlakileng e tsoang thutong ea hau. E le khutšoane ka boomo: e etse, u se ke ua e
9	libe	dibe	Baka libe tsohle tseo u li tsebang
9	Lumella	Dumella	Lumella Moya o Halalelang ho bua
9	tšireletso	tshireletso	olimo. Seo se tloaelehile, 'me ho na le tšireletso. Lengolo le re bolella hore r
9	siea	siya	oya o Halalelang o kopanya bonolo mme o siea khotso. Mme litaba tse monate baken
9	lipakeng	dipakeng	oa kutloisiso — ho tseba phapang lipakeng tsa
9	shoa	shwa	"Hobane haeba le phela ka nama, le tla shoa; empa haeba ka Moya le bolaea liket
9	'mapa	mmapa	Thuto ea hau e hlalosa 'mapa oa motho ka hare. E bitsa likarolo
9	oela	wela	re khetholle meea e le hore re se ke ra oela leraping la Satane. Leha ho le joal
9	leano	lyano	ka boeena, le fetolang temoso hore e be leano la lerato:
9	evangeli	evangedi	na o etse eng — karabo ke "phatlalatsa evangeli ho monna eo" e le hore "lengelo
9	tšabong	tshabong	"Ho khetholla meea ha ho tsoe tšabong 'me hase moea oa ho nyatsa.
9	liphetho	diphetho	boholo le tseba literata 'me le fumana liphetho tseo le secha le sa kang la li
9	lahleheloa	lahlehelwa	mehlolo e sebetsa ka ho utloa, joale ho lahleheloa ke lentsoe ke ntho e le 'ngoe
9	sebelisoe	sebediswe	" li ntse li e-na le tse ngata tse e-so sebelisoe, li itokiselitse bakeng sa moh
9	bolumeli	bodumedi	Ho ithuta thuto ea bolumeli haholoanyane u le mong feela
9	khutšoanyane	kgutshwanyane	khoeli la kajeno, ebe u beha libaka tse khutšoanyane tse 'ne:
9	likemello	dikemello	Hang ha u e-na le libeke tse 'maloa tsa likemello, mohato o latelang o tloaelehi
9	sechabeng	setjhabeng	Thuto ea 22 · Fumana leru — kena sechabeng se tletseng Moya o Halalelang
9	amoheloa	amohelwa	o amoheloa ka ho rapela (Thuto 21) — le, k
9	barutuoa	barutuwa	"barutuoa ba ile ba tsamaea leeto le lele
9	lilemo	dilemo	ka ho ithuta u le mong ka lilemo tse ngata
9	likenyo	dikenyo	sela tse peli li a bulehela mona. Haeba likenyo tsa jenale ea hao li ntse li eke
9	litholoana	ditholwana	elelo eo u e mameletseng e e-so hlahise litholoana). Ha u batla, re ka nka thuto
9	'Molimo	'Modimo	tsa bona ka, 'Morena o mpolletse…' kapa 'Molimo o mpolletse….'
9	Infilling	Infilding	Infilling of the Holy Spirit — Anointing
9	phetiloe	phetilwe	l. 20–22 (Mareka 8:34–35, joalo ka ha e phetiloe)
8	khethehileng	kgethehileng	Ho utloa Molimo hase mpho ea batho ba khethehileng moeeng. E tsoa kamanong eo
8	Luke	Duke	Luke 11:13
8	tloaelehile	tlwaelehile	aikutlo a rona bakeng sa Molimo. Seo se tloaelehile, 'me ho na le tšireletso. Le
8	tšepa	tshepa	ho Moya o Halalelang, kapa ho se ke ra tšepa letho:
8	joalokaha	jwalokaha	ntsoe le ngotsoeng, mme lentsoe la hae, joalokaha thuto e hlalosa,
8	khethollang	kgethollang	bo eketseha. Tloaelo e hlakisa kamoo u khethollang lentsoe la Hae ho kelello ea
8	makhetlo	makgetlo	"Ke ngata makhetlo Molimo a buang ka Lengolo empa
8	tsoe	tswe	fe kapa efe e hanyetsanang le eona ha e tsoe ho Eena. 'Me thuto e hlakisa hore b
8	lipotso	dipotso	u fana ka mantsoe ka boikokobetso e le lipotso — e seng ho leta bonnete, 'me le
8	utloela	utlwela	Joale u khona ho utloela motho e mong 'me ua fana ka boik
8	Lintho	Dintho	Holy Spirit Course · p. 47 · Lintho tse tharo tseo moprofeta a ka li
8	boleloang	bolelwang	boleloang
8	isoa	iswa	p. 47. Kutloisiso e mpe ha e boleloe; e isoa thapelong ea boemeli, tlas'a mali a
8	loana	lwana	ne ha re loane le nama le mali, empa re loana le babusi, le ba nang le matla, le
8	ikemiselitseng	ikemiseditseng	o ka boeona: ha a talimane le monna "ea ikemiselitseng ho bolaea motho," ea khet
8	Tšabo	Tshabo	olimo, le lerato, li sebetsana le sona. Tšabo, nyatso, le seporo ke matšoao a nn
8	tsosoa	tsoswa	meholo ea phekolo. Ba bang bakeng sa ho tsosoa ha bafu."
8	lekhetlong	lekgetlong	— a fodile, karolo, hamorao, kapa eseng lekhetlong lena — u sa etse kapa u qobel
8	Elia	Edia	lang e behetsoe li-giant feela — Moshe, Elia, Elisha. Mohato oa pele oa thuto ke
8	tloaelong	tlwaelong	le boprofeta ka boomo — tsohle li tsoa tloaelong e le 'ngoe ea ho mamela ea let
8	entsoeng	entsweng	. Ke sona sepheo sa thuto ena eohle, se entsoeng sa tloaeleha.
8	sebelise	sebedise	ohlala oa diari. Ha ho hlokahale hore u sebelise liforomo tsa hae tse hatisitsoe
8	siiloeng	siilweng	4. Tlatsa lebato le siiloeng ho tsoa ho Vallotton: "The ____
8	Tsoela	Tswela	Tsoela pele ho noa seliba
8	lekoa	lekwa	oly Spirit Course · p. 14 · Ha tumelo e lekoa
8	khauta	kgauta	liapole tsa khauta pitsaneng ea silefera
8	meeling	meeding	meeling ea nokana
8	khopo	kgopo	pelo e khopo
8	tšepahala	tshepahala	tšepahala ka boemo ba temoho boo re nang
8	hlophisitsoeng	hlophisitsweng	: ea 'nete, e fanoeng ke Molimo, e hlophisitsoeng bakeng sa morero. Empa en
8	khanya	kganya	khanya lefifing
8	lengoang	lengwang	tšimo e sa lengoang
8	mehloling	mehloding	a tse ntseng li sa hlahlojoa ka botlalo mehloling ea hau: khaolo ea Vorster ea
8	little	dittle	too much speaking and too little loving God
8	lipuisano	dipuisano	a ikutloe a ratoa, e seng a fenngoa ka lipuisano?
8	Litebeliso	Ditebediso	, sebelisa teko ea nnete (Thuto 30–33). Litebeliso tse peli li boloka tloaelo e
7	Utloa	Utlwa	Thuto ea 1 · Ho Utloa Lentsoe la Molimo
7	bolaea	bolaya	ama, le tla shoa; empa haeba ka Moya le bolaea liketso tsa 'mele, le tla phela.
7	khaotse	kgaotse	leng tseo A buang ka tsona, e le hore u khaotse ho leta 'me u qale ho hlokomela.
7	tšoana	tshwana	ho tšoana le ho shebella monyako o le mong
7	ngoe	ngwe	a tlhokomelo ke boemo bo bulang tsela e ngoe le e ngoe.
7	fuoa	fuwa	"Hobane e mong o fuoa ka Moya lentsoe la bohlale, 'me e m
7	mohloling	mohloding	Limpho ha li tsoe mohloling o fapaneng oa matla. Li tla "k
7	Li	Di	li tsoe mohloling o fapaneng oa matla. Li tla "ka Moya o le mong oo" u ithutile
7	hlokomeloa	hlokomelwa	lisitseng ho tloha Thutong ea{{0}}1. Ho hlokomeloa haholo hore thuto e tiisa hor
7	ahloloe	ahlolwe	, eseng a ahloloe.
7	thehiloeng	thehilweng	lihlekehi tsa maikutlo le filosofi tse thehiloeng leshanong. Ha re ineheletse l
7	litokelo	ditokelo	limong. Rona joalo ka Bakreste re na le litokelo tseo re ka li phethahatsang" (p
7	khaotseng	kgaotseng	ta hobane tsohle li tsoa puisanong e sa khaotseng le Moya — ho utloa ke ntho e h
7	seholoanyane	seholwanyane	ete e tsoang kantle — eseng sehlopha se seholoanyane kapa lentsoe le tiisitsoeng
7	ntšang	ntshang	U se u itlwaeditse neo e le 'ngoe e ntšang holim'a molekane — lentsoe la tse
7	Seliba	Sediba	the Holy Spirit within you is for you.' Seliba se ka hare (Jn 4:14) se khotsofat
7	mochine	motjhine	opaki ba hore u haelloa ke tumelo, kapa mochine o tlamehang ho hlahisa sephetho
7	hlahisoa	hlahiswa	joalo — bala hape §1. Ishmaele o ile a hlahisoa 'ka ho leka ho etsa hore lentso
7	moamoheli	mwamohedi	leng le lokelang ho e amohela (L7; mme moamoheli o
7	tloaetse	tlwaetse	Sena se bolela hore Moya o Halalelang o tloaetse ho ipeha tlas'a sejana seo a se
7	litataiso	ditataiso	kela ho le fana ho e mong" (p.{{0}}71); litataiso tse nne tsa lentsoe la temoso
7	Tholoana	Tholwana	o paka le moya oa ea le amohelang. … 3. Tholoana ea lentsoe la boporofeta e tlam
7	Bileame	Bilyame	" (leq.{{0}}75). 'Me Bileame (Numeri 22–24) o ile a fumana ts
7	itšepang	itshepang	hao bao re ba tšepang ho feta kamoo re itšepang kateng"
7	litlhohonolofatso	ditlhohonolofatso	a ho Kreste, empa re ke ke ra arolelana litlhohonolofatso. Ho joalo ka motho ea
7	infilling	infilding	When God becomes one with man. When the infilling of the Holy Spirit takes place
7	folisa	fodisa	onngweng boo ho tswa ketso ("Yena o tla folisa, a rate, a bosetse, a fane, a bue
7	lelile	ledile	Thuto 51 · Terompeta e se e lelile
7	Litlotso	Ditlotso	Thuto 55 · Litlotso li le teng bakeng sa'ng
7	tšenolo	tshenolo	boprofeta, maemo, tlhaho, liphoofolo), tšenolo (lentsoe, litoro, lipono), le mo
6	litoro	ditoro	litoro
6	'Na	Nna	Thuto ea 2 · Ke Eena, kapa ke 'Na? — ho khetholla Moya ho moea oa hau
6	tataisoe	tataiswe	tataisoe
6	Boitšepo	Boitshepo	2) Boitšepo ke moo thato, maikutlo le mehop
6	tšabang	tshabang	Mme ena ke phomolo bakeng sa mothehi ea tšabang ho fosa:
6	lekiloeng	lekilweng	le bong: mamela tšusumetso e le 'ngoe e lekiloeng
6	koetlisang	kwetlisang	a maikutlo le mohla. Kutlo ke tloaelo e koetlisang tsebe.
6	khothatso	kgothatso	), kopa Moya ho hong ka eena — lintlha, khothatso, ho hong hoo a nyamelang ka ho
6	tšolloa	tshollwa	"Sefapanong kahlolo ea Molimo e ile ea tšolloa holim'a Jesu… Testamenteng e Nch
6	'moho	mmoho	haphametse ka bo bong feela; bo tsamaea 'moho le Lengolo, e 'ngoe le e 'ngoe e b
6	lijo	dijo	o ka thipa le foroko li sebelisoa ho ja lijo."
6	tšohile	tshohile	feta kapa ke mosa oa hau feela — kapa u tšohile hore le na le temoso eo u sa lok
6	rapeloa	rapelwa	rato, eseng ka tšabo le ka mohla, 'me e rapeloa pele e ka boleloa.
6	khetholang	kgetholang	"ea ikemiselitseng ho bolaea motho," ea khetholang o utloa moea o mobe, o bona "
6	tšosang	tshosang	e u tle u utloe. Kelello ke monghali ea tšosang empa e le mohlanka ea babatsehan
6	rapeloang	rapelwang	Maleme a botho, a rapeloang e le ho utloa
6	lithapelo	dithapelo	Matsatsing ana lithapelo tsa ka li shebane le ho sebeli
6	Sebelisa	Sebedisa	Sebelisa matla a sefapano
6	haelloa	haellwa	motho a sa fole, hase bopaki ba hore u haelloa ke tumelo kapa u "entse hampe" —
6	liphekolo	diphekolo	nthusa haholo hore ke se ke ka lebella liphekolo tsa hang-hang kamehla empa ke
6	itšetlehileng	itshetlehileng	bolela moo phekolo e 'ngoe le e 'ngoe e itšetlehileng teng: seo Jesu a se entsen
6	liphiri	diphiri	— ua rapela, 'me Moya o senola liphiri moeeng oa hau. Ho romela ho hong
6	tšoaroa	tshwarwa	tšoaroa
6	joaloka	jwaloka	sa tsamaellana: ho rapela ka leleme "ho joaloka phetoledi e fetolelang puo ea mo
6	boletsoe	boletswe	12:8–10 joale ke tsa hau. Eo e ntseng e boletsoe empa e-so be thuto ea eona ke
6	itokiselitse	itokiseditse	-na le tse ngata tse e-so sebelisoe, li itokiselitse bakeng sa mohala oa ho tiis
6	boletsoeng	boletsweng	1 Corinthians 12:8 · mpho ea pele e boletsoeng
6	ngoana	ngwana	o sebetsana le boemo — khoebo, lenyalo, ngoana, kapa qeto
6	khetho	kgetho	Khetha khetho e le 'ngoe ea 'nete eo u e tobane
6	bolokoa	bolokwa	Tloaelo ena e theha ntho e lokelang ho bolokoa: rekoto e ntseng e hola ea seo u
6	ngoloa	ngolwa	— 'me bopaki bo hloka ho ngoloa. Thuto ena e fetola mola oa hau o
6	boloa	bolwa	u nahanang hore ke sona se boleloang. E boloa e arohane le tlhaloso ka boomo — b
6	qobelloa	qobellwa	ka boikokobetso e le potso — eseng ho qobelloa. Thutong ea
6	tšebeletso	tshebeletso	oang teng 'me u rapelle motho ea u fang tšebeletso. Kopa Morena mantsoe a tsebo
6	qobelloe	qobellwe	, ha le qobelloe — 'me, hajoale, ha u sa le le f
6	Boitoanyong	Boitwanyong	Boitoanyong bona
6	boitoanyong	boitwanyong	a lebaka leo mohato o latelang o tsoang boitoanyong ba lekunutu o lebisang ho mo
6	utloelang	utlwelang	Ha u tsebe hore na seo u se utloelang molekane oa hau ke boporofeta
6	khotsofatsa	kgotsofatsa	or you.' Seliba se ka hare (Jn 4:14) se khotsofatsa lenyora la hau — bophelo ba
6	lira	dira	ela (harepa, thamboraine, lithothokolo, lira) 'me ke feela ka mor'a moo Moea o a
6	tlatsoe	tlatswe	a feela ke Moea ka hare, empa u boele u tlatsoe 'me u sebelisoe ke Moea holim'a.
6	ikutloang	ikutlwang	ka ea ka botebo ho neo e le 'ngoe eo u ikutloang u hohelehile ho eona. Ntlisets
6	lokolloa	lokollwa	Jesu kapa le hanyetsanang le Lengolo le lokolloa
6	builoeng	builweng	"Polelo e builoeng ka motsotso o tšoanelehang, e j
6	laoloa	laolwa	Moya oa moporofeta o laoloa ke moporofeta.
6	khalimelo	kgadimelo	oeng ka lentsoe le boima — temoso, kapa khalimelo? Vallotton o fana ka molao o h
6	buuoeng	buuweng	Thuto ea 35 · Ho ahlola lentsoe le buuoeng holim'a hau
6	nyelisa	nyedisa	"Le se ke la tima Moya. Le se ke la nyelisa ho porofeta.
6	litjhila	ditjhila	heke ea litjhila
6	amoheloang	amohelwang	kamoo limpho ka botsona li amoheloang le ho hola qalong
6	bapisoa	bapiswa	. Limpho li ka bapisoa le
6	loanela	lwanela	(Beershebe, ho loanela phallo e ncha, leq.{{0}}36–37),
6	thibetsoe	thibetswe	la phallo e ncha — se lule ha seliba se thibetsoe
6	tsoalo	tswalo	o fihlela a fihla sebakeng sa sebaka le tsoalo.
6	Bafilista	Bafidista	Bafilista ba neng ba li thibetse
6	rea	rya	ka mor'a lefu la Aborahame. 'Me a li rea mabitso ao ntat'ae a neng a li file
6	Mofilista	Mofidista	"Mofilista o bolela
6	khang	kgang	khang
6	calling	calding	different Anointing and calling
6	ntšepisa	ntshepisa	ba Molimo, Molimo o mpolella lintho. O ntšepisa bophelo bo bolelele mme
6	theiloe	theilwe	("Moya o Halalelang, u re'ng mona?"). E theiloe tlhalosong ea thuto ena ea ho ut
6	Tebeliso	Tebediso	le kahlolo ea hore na u khona ho utloa. Tebeliso e le 'ngoe e tsoang ho Thuto 7:
6	bokuli	bokudi	loeng oa sefapano: "Jesu o ile a shoela bokuli sefapanong joalo ka ha a shoetse
5	maponatšo	maponatsho	maponatšo
5	koetsoe	kwetswe	ng hang. Sebaka se khutsitseng, mahlo a koetsoe, khalemela bobe, lebisa tlhokome
5	'Mele	Mmele	'Mele oa hau, bophelo ba hau bo botle, l
5	bontše	bontshe	thamo ka botle 'me u kope Moya hore a u bontše hore na ke tsela efe eo a ratang
5	fuoang	fuwang	"Lentsoe la tsebo ke ho ba le tsebo e fuoang ke Moya o Halalelang le ho tseba
5	fumanoe	fumanwe	tseba — hore litonki tse lahlehileng li fumanoe, hore banna ba babeli ba tla mo
5	mali	madi	thapelo ea boemeli le ho tlisoa tlas'a mali a Jesu."
5	boleloa	bolelwa	seo hase seo se lokelang ho boleloa — ke letšoao la ho rapela.
5	ekelitse	ekeditse	U ekelitse mpho ea bobeli e lebisitsoeng k
5	khutsisang	kgutsisang	Thuto 8 · Mpho e khutsisang kelello
5	khutlisetsa	kgutlisetsa	Mpho ea bone ea thuto ena e khutlisetsa potoloho ea hau hae. Ho bua
5	khahlisa	kgahlisa	g… a se buang' — eseng ho ipaka kapa ho khahlisa.
5	itšepa	itshepa	unyelitseng moea: ho 'bolaya ____' — ho itšepa ha kelello haholo. (lentsoe le le
5	lisebelisoeng	disebedisweng	in different tongues" (pp.{{0}}50–52), lisebelisoeng tsa hau tse kentsoeng. Bal
5	kholoanyane	kgolwanyane	ng le bo bong bo sebetsa holim'a ntho e kholoanyane:
5	Kholo	Kgolo	atla a taolo a se e le a hau ho Kreste. Kholo ke ho ithuta ho a sebelisa.
5	litaelong	ditaelong	no boemong boo le ho tsepamisa maikutlo litaelong tsa Moya o Halalelang e le hor
5	itšetleha	itshetleha	u "entse hampe" — sephetho ha sea ka sa itšetleha ka tšebetso ea hau. Ka linako
5	khutla	kgutla	kamehla, empa ka linako tse ling u tla khutla u na le seo u se tšoereng 'me ka
5	koetlisetsoa	kwetlisetswa	atso e na le karolo e kholo… Kahoo u ka koetlisetsoa mehlolo. Empa u hloka ho ho
5	tšoarang	tshwarang	Ntle le motho eo oa bobeli ea a tšoarang, leleme ha le hahe motho leha e
5	botšepeng	botshepeng	o ke sa kang ka li bolela kaha ke phela botšepeng ba Hae letsatsi le letsatsi…"
5	qalile	qadile	U qalile ho ngola mola o le mong ka letsat
5	liphihlelo	diphihlelo	tsoang ho Moea o Halalelang ea ho ngola liphihlelo tsa ka le Molimo. Ke ngola bo
5	Likarolo	Dikarolo	Likarolo tsena li tsoa ho Kris Vallotton
5	papali	papadi	sheba papali hape
5	fanoang	fanwang	fanoang
5	holise	hodise	le kereke hantle-hantle e le hore re li holise hammoho:
5	bokhelohi	bokgelohi	Ba 'nete ka ho fetisisa — ho se na bokhelohi.
5	balloa	ballwa	temana e ts'oanang le ea Thuto ea 8 — e balloa joale tatellano ea eona. Maleme a
5	holima	hodima	holima
5	fetisoa	fetiswa	olim'a bona' — matla a holima hangata a fetisoa ka ho beoa matsoho.
5	ts'ebetso	tshebetso	se ne se se ka mohla se itshetlehile ho ts'ebetso ea hao. Tlhahlobo ea 'mele e e
5	leholimo	lehodimo	o phethahetseng" (p.{{0}}14), ha u kope leholimo hore
5	hoeletsa	hweletsa	Ho laela ha ho bolele ho hoeletsa kapa ho etsa lipapaditso, le ka
5	hoa	hwa	tiileng mme ka kgalemela ho ruruha, ha hoa etsahala letho. Ke ile ka e kgalemel
5	qotsoa	qotswa	Matthew 9:29 · joalokaha e qotsoa thutong
5	joalo'	jwalo'	'ea kutloisiso, phihlello, tumelo joalo-joalo' — mohau o sebetsa ka nako, eseng
5	mantsoeng	mantsweng	Ke hantle mantsoeng a tataisang moo re batlang ho
5	moholi	mohodi	. Ntle le meeling, nokana e fetoha moholi. Moholing, metsi hangata a etsa t
5	khutshwane	kgutshwane	ecomes a flood.' (lentsoe le le leng le khutshwane, le tswanang makhetlo ka bobe
5	lengoe	lengwe	O lengoe 'meleng oa 'nete oa balumeli — o
5	itsoanela	itswanela	! Re ke ke ra li fumana ka ho itsoanela… ha ho hlokahale hore re eme h
5	lithalenta	dithalenta	, 'me Jesu o e rutile ka setšoantšo sa lithalenta (Mattheu{{0}}25): bahlanka ba
5	hoeletse	hweletse	Ha ho hlokahale hore u hoeletse
5	like	dike	ak King James English, nor did He sound like Shakespeare" (leq.{{2}}70); tataiso
5	mokelikeli	mokedikedi	'Me ho na le mokelikeli o hulang ka lehlakoreng le le
5	thibetsoeng	thibetsweng	okhoni bo le bong: cheka hape seliba se thibetsoeng, 'me u tsoele pele ho ea Reh
5	tšoasoa	tshwaswa	qetellong o ile a tšoasoa ke maikutlo a hae le lintho tsa
5	line	dine	love, restore, provide, speak, bring in line with His truth etc."
5	Oli	Odi	tse nne. Oli e neng e phalla holim'a e mong le e
5	selikalikwe	sedikadikwe	— o fetola thapelo ya boelelo hore e be selikalikwe sa maikutlo seo o sa se laol
5	maholimong	mahodimong	etiswa ho tswa ho Saule ho ya ho Davida maholimong.
5	Tšepiso	Tshepiso	uoang la Moya o Halalelang).{{1}}(L43). Tšepiso ke
5	tebeliso	tebediso	na (Thuto 1); 'me tebeliso e le 'ngoe ha e khaotse — "u bo
5	ikutloela	ikutlwela	ka potso e tloaelehileng ho e leka — u ikutloela bana ba babeli, u "botsa feela
5	lisethefo	disethefo	... lisethefo li a
4	tšhoho	tshhoho	Katlolo, tšhoho, le khatello ke matšoao a lentsoe
4	litaba	ditaba	o kopanya bonolo mme o siea khotso. Mme litaba tse monate bakeng sa mothehi:
4	lutse	dutse	U lutse fatše, ua khutsa, mme ho hlaha ho
4	matšeliso	matshediso	a mme la u haha kapa la e-ba mohloli oa matšeliso ka khotso e sa tloaelehang e s
4	Khatello	Kgatello	Khatello {{0}} tšhoho?
4	tšepe	tshepe	"u sa tšepe motho kantle ho uena."
4	liphoofolo	diphoofolo	etso, batho ba bang, boprofeta, tlhaho, liphoofolo, maikutlo, kutlo ea 'mele, ma
4	koetlisitsoeng	kwetlisitsweng	bo koetlisitsoeng
4	tloaeleha	tlwaeleha	lentsoe le makatsang le beoa hae le sa tloaeleha.
4	koetlisa	kwetlisa	)? Ho arola sena matsatsing a mararo ho koetlisa temoho hantle ho feta ho lula n
4	liqetong	diqetong	loa Molimo khafetsa… mme u etse ka eona liqetong tsa sebele," le hore ho mamela
4	likotsi	dikotsi	Qala ka tse kholo mme u nke likotsi
4	lekoang	lekwang	boikokobetso mme ka mokhoa o ka lekoang
4	joana	jwana	bolellang letho?" — eseng "Morena o re joana." U ntse u tšoere molala oa
4	sebelisitseng	sebedisitseng	ang bo "kopa, ebe u itlwaetsa" boo u bo sebelisitseng lentsoeng la tsebo.
4	tšepo	tshepo	khothatso, matšeliso, pitso ea tšepo
4	Khetholla	Kgetholla	— "Ho Khetholla Meea", p.{{0}}49; Ephesians{{1
4	Meea	Meya	— "Ho Khetholla Meea", p.{{0}}49; Ephesians{{1}}6:12 joa
4	setšoantšong	setshwantshong	romelloang lefatšeng 'me e se fetolela setšoantšong" — "ha re rapela ka leleme
4	ts'oana	tshwana	šoantšong" — "ha re rapela ka leleme ho ts'oana le motoloki ea fetolelang puo ea
4	bochaba	botjhaba	Ho khahlisa bochaba bo u potolohileng
4	utloetseng	utlwetseng	khotso (Thuto 1). Joale ngola seo u se utloetseng, kapa hore feela u ile ua khu
4	khutlisetsoa	kgutlisetswa	— 'me ho khutlisetsoa hae,
4	litekanyo	ditekanyo	Batho ba bangata ba na le litekanyo tsa tumelo empa ba fokolang ke
4	lieroe	dierwe	. Ba sebete ke ba "ikemiselitseng ho ba lieroe tsa Kreste ha ba fositse" — ba ik
4	healing	hyading	Holy Spirit Course · p. 42 · Gifts of healing
4	tšoarelo	tshwarelo	Phekolo e teng ka lebaka le le leng le tšoarelo. Thuto e beha boloetse le sebe
4	tšoareloa	tshwarelwa	tsa etsahala. Libe tsa rona li ile tsa tšoareloa, maloetse a rona a ile a jaroa
4	maloetse	malwetse	la. Libe tsa rona li ile tsa tšoareloa, maloetse a rona a ile a jaroa ke Jesu… m
4	ngotsoe	ngotswe	Molao o se o ngotsoe. Potso ke ea
4	mochini	motjhini	e bua ka nnete e makatsang — sena hase mochini oa ho ts'episa hore ho tla khona
4	mofetše	mofetshe	"Ke ile ka rapella batho ba nang le mofetše ba ileng ba fola ka mokhoa oa mo
4	tšebetso	tshebetso	e" — sephetho ha sea ka sa itšetleha ka tšebetso ea hau. Ka linako tse ling that
4	lihora	dihora	se letsatsi le hlahlamang kapa ka mor'a lihora tse 'maloa. Joale ke ile ka makal
4	thea	thya	Ha ho joalo — bala §1 hape. Thuto e thea mpho ena ho John 5:19: mohlolo ke h
4	robeli	robedi	o u seng u atisitse ka eona. Limpho tse robeli tsa tse robong joale li matsohong
4	lecha	letjha	o, toro, batho ba bang." Ha ho letho le lecha leo u lokelang ho le haha. U
4	amohetsoeng	amohetsweng	o ea mohato o latelang o nepahetseng, e amohetsoeng ka tsela e tšoanang le tsohl
4	likhutlelo	dikgutlelo	a letsatsi le letsatsi ea ho mamela, le likhutlelo tse khuts'oane ho Eena letsat
4	khuts'oane	kgutshwane	etsatsi ea ho mamela, le likhutlelo tse khuts'oane ho Eena letsatsing lohle.
4	mekhutlelo	mekgutlelo	— nako e tsitsitseng ea ho mamela, le mekhutlelo e mengata e menyenyane ho Een
4	lekoe	lekwe	kile ka ho lekana hore le tsamaisoe, le lekoe, le sebelisoe hamorao. Tloaelo ea
4	fumanoeng	fumanweng	la" boo mosebetsi oa hau o o kopang, bo fumanoeng eseng bo inahanetsoeng feela.
4	value	vadue	value
4	hajoale	hajwale	, ha le qobelloe — 'me, hajoale, ha u sa le le fana ka lona ka l
4	kenngoa	kenngwa	. Ka molekane, boikarabello boo bo kenngoa ho tloha qalong.
4	holisang	hodisang	neo e tiee, feela joalo ka boitoanyo bo holisang "boitsetseho… le… nepahalo"
4	ahlotsoe	ahlotswe	bana ba bararo ka 'nete? Boporofeta bo ahlotsoe ka tekanyo e fapaneng, 'me teka
4	arolelanoang	arolelanwang	, ka hare ho boteng bo arolelanoang. 'Me e 'ngoe ea matla ao u
4	koalang	kwalang	ea tloaelo; ho e bala hape ke karolo e koalang tsela.
4	nkoa	nkwa	, ha lea ka la nkoa feela — tlhahlobo e tswanang e mera
4	Cheka	Tjheka	Cheka gauda,
4	reretsoeng	reretsweng	bo eona e supa lefifi leo boporofeta bo reretsoeng ho le roba:
4	'matla	mmatla	✓ Nepile — p. 14. O se o na le 'matla a molao a hore re ka phekoloa'; b
4	tiisitsoe	tiisitswe	ka boomo u lokolle sephetho: "Tokelo e tiisitsoe; nako le 'lintlha tse fapa-fap
4	liehileng	diehileng	lentsoe le molemo leo moelelo oa lona o liehileng feela) — empa ho
4	liapole	diapole	liapole tsa khauta pitsaneng ea silefera
4	busoa	buswa	"Meya ea baporofeta e busoa ke baporofeta" (1{{0}}Cor{{1}}14:3
4	Litataiso	Ditataiso	Litataiso tse hlano — heke ea hau
4	lihele	dihele	pelo e tsoang lihele
4	tšabise	tshabise	Ha a tšabise
4	kalimelo	kadimelo	kalimelo, eseng kotlo
4	Life	Dife	Life Application
4	liqeto	diqeto	feela empa bophelo ba bona bo lohane le liqeto tsa bona"; ba
4	ntšoarele	ntshwarele	— "ntšoarele"
4	Liliba	Diliba	Thuto 41 · Ho Cheka Hape Liliba
4	thibeloa	thibelwa	mano ea hau le Moya o Halalelang, se ka thibeloa
4	hlapantsoeng	hlapantsweng	ba se tebileng ka ho fetisisa ke kano e hlapantsoeng sefapanong. Kahoo u cheka h
4	tšepisong	tshepisong	g sefapanong. Kahoo u cheka hape u tsoa tšepisong e se e hlapantsoeng, eseng ho
4	huloa	hulwa	, e nngwe le e nngwe e huloa ka nako ya yona.
4	hulile	hudile	3. O hulile "porofeta letsatsi la hao." O e l
4	atolositsoeng	atolositsweng	honi bo le bong: etsa sete e kopaneng e atolositsoeng, u qale ka e fomahetseng
4	fetoletsoe	fetoletswe	2 Bakorinthe 1:20 · joalo ka ha e fetoletsoe ho Holy Spirit Course, leq. 3
4	botsofali	botsofadi	botsofali ba moea ba motho ea rapelang
4	romelloa	romellwa	ho romelloa
4	Tšebetso	Tshebetso	kana ea boprofeta (Tlhaloso · Moelelo · Tšebetso · Phethahatso)
4	holileng	hodileng	motho ea holileng ka
4	Liproverbia	Diproverbia	" (Liproverbia 25:11, letl. 69). Linnete ts
4	lokolloang	lokollwang	Mohau holim'a mohau (tlotso e lokolloang ka tekanyo · logos le rhema)
3	tsoetsoeng	tswetsweng	Mokreste e mong le e mong ea tsoetsoeng hape ka 'nete o na le potso e
3	limphong	dimphong	amanong e phelang le Moya o Halalelang, limphong tsa Hae, le ho utloeng lentsoe
3	utloeng	utlweng	a o Halalelang, limphong tsa Hae, le ho utloeng lentsoe la Molimo. Tsohle tse th
3	'neteng	nneteng	le tataisa 'neteng eohle
3	kholiseha	kgodiseha	Haeba u sa kholiseha hore Molimo o teng kapa u se M
3	hloekisa	hlwekisa	Molimo a batlang hore u se tsebe, ha u hloekisa kelello ea hau.
3	Litlhahlobo	Ditlhahlobo	Litlhahlobo tse tharo tse potlakileng li
3	peace	pyace	peace
3	Letšoao	Letshwao	Haeso — §3. Letšoao la lentsoe la Hae ke seo a se si
3	liketso	diketso	tla shoa; empa haeba ka Moya le bolaea liketso tsa 'mele, le tla phela. Hobane
3	litlhahiso	ditlhahiso	1) Bobe bo tla tlisa liteko, litlhahiso, mehopolo e bohloko ea nakong
3	likarabo	dikarabo	. Lentsoe la Molimo le fana ka bophelo, likarabo le bohlale. Le ka fana ka mehop
3	mecha	metjha	bo le bohlale. Le ka fana ka mehopolo e mecha mme la u haha kapa la e-ba mohloli
3	kholisa	kgodisa	, bohlale ba botho — o ne o utloahala o kholisa. Empa e ne e s'a ka eaba ke Moli
3	Matšoao	Matshwao	Matšoao a mararo a potlakileng — le phom
3	boikhohomoso	boikgohomoso	molao le boikhohomoso
3	fetoa	fetwa	ntsoe" le le leng le makatsang — 'me ba fetoa ke litsela tse ngata tse tloaelehi
3	libuka	dibuka	tlo, kutlo ea 'mele, maemo, Lengolo, le libuka le theknoloji "ha u tsepamisitse
3	khonang	kgonang	hore e fete. Ke ka lebaka lena thuto e khonang ho khothaletsa sebete le hlokolo
3	moromuoa	moromuwa	a ho ithuta thuto ea bomodimo kapa u be moromuoa empa ho bolela kutlo moo u leng
3	utloahetse	utlwahetse	mor'a moo, ngola hore na ho e mamela ho utloahetse joang le sephetho leha e le s
3	khothatse	kgothatse	ba ahe, a ba khothatse le ho ba tšelisa
3	etselitsoe	etseditswe	nang ho Moya o Halalelang o leng mobe o etselitsoe thapelo ea boemeli le ho tlis
3	tšisinyeho	tshisinyeho	e Ncha ea utloang ho hong ho lefifi — "tšisinyeho ea lefatše e e-tla sebakeng s
3	matichere	matitjhere	"…matichere a Mangolo a lokela ho inehelet
3	khetholle	kgetholle	"Ho hlokahala hore re khetholle meea e le hore re se ke ra oel
3	tšabo'	tshabo'	etse — p. 49. Mpho ena 'ha e sebetse ka tšabo'; e sebetsa 'ka pelo ea lerato ho
3	bokhoning	bokgoning	, bokhoning ba mantlha:
3	rutoa	rutwa	bua ka maleme a mang eo ba sa kang ba a rutoa bakeng sa evangeli" (p.{{0}}50), j
3	satellite	sateldite	Setšoantšo sa satellite dish.
3	linaha	dinaha	bona. Ba bang ba na le tumelo bakeng sa linaha. … Ba bang ba lumela Molimo baken
3	ikutloe	ikutlwe	la" (p.{{0}}41). Ha ho hlokahale hore u ikutloe u e-na le sebete ka tlhaho ea ha
3	sea	sya	Ha ho joalo — bala §3 hape. Sebete sea hlokahala, empa le bohlale bo a hlok
3	fumanoang	fumanwang	Bonnete, bo fumanoang pele ho kotsi leha e le efe
3	lisupo	disupo	hehile sena taelong ea Jesu ka boeena — lisupo tse latelang balumeli ba tloaeleh
3	jaroa	jarwa	tsa tšoareloa, maloetse a rona a ile a jaroa ke Jesu… mademona ohle a ile a hlo
3	lesholu	leshodu	phihlelo. Lepolesa le secha le lelekisa lesholu 'me lesholu la le fetela ka lebe
3	nea	nya	ea ba kulang ho feta ba bang" — empa e nea sebaka "keketseho ea kutloisiso, phi
3	khethang	kgethang	meng. Ke ho utloa, sebakeng seo Ntate a khethang ho sebetsa ho sona.
3	Lisebelisoa	Disebediswa	tse nepahetseng lefatšeng ka bophara." Lisebelisoa tsa hau tse kentsoeng li tso
3	hlalositsoe	hlalositswe	(le hlalositsoe hanyenyane Thutong{{0}}5 emp
3	bonoa	bonwa	ello ka mor'a moo" ho tsoa Thutong 8, e bonoa ho tsoa lehlakoreng la ho amohela:
3	kentsoe	kentswe	etela Molimo ka Sontaha feela; phela u kentsoe sefateng sa morara beke eohle. L
3	liketsahalo	diketsahalo	Hlokomela: ha a hlalose liketsahalo tse sa tloaelehang tsa holim
3	bileditsoeng	bileditsweng	si le letsatsi ke seo re le Bakreste re bileditsoeng sona."
3	khutlelang	kgutlelang	Tsebe e khutlelang ho Eena khafetsa
3	hahiloeng	hahilweng	mola oa hau o le mong hore e be diari e hahiloeng bakeng sa tlhahlobo.
3	beiloeng	beilweng	." Lentsoe le beiloeng leqepheng ke lentsoe le entsoen
3	boikoahliso	boikwahliso	ho ngola — 'me o ile a tlameha ho hlola boikoahliso boo le uena u ka bang le bon
3	tsoakanya	tswakanya	. Ho li tsoakanya ke tsela eo maikutlo a manyeny
3	lilemong	dilemong	Meputso e tsoang lilemong tsa bona tse molemo ka ho fetis
3	libeke	dibeke	Hang ha u e-na le libeke tse 'maloa tsa likemello, mohato
3	liitoanyo	diitwanyo	lisebelisoang tseo u li kentseng. Bala liitoanyo tsa boitoanyo 'me u shebe foro
3	tsoelo	tswelo	a sebetse ho eona ka boomo — e le hore tsoelo-pele e bonahale. Boitoanyo hase n
3	tšehetsa	tshehetsa	eng sesupo sa ho ema — 'me Mangolo a se tšehetsa: Molimo o u file "e seng moea o
3	tšela	tshela	eo u ileng ua e utloa Thutong ea 9 — ho tšela poifo u kene kotsing e nyenyane, e
3	hlophisitsoe	hlophisitswe	o Vallotton a e fanang. E bale butle; e hlophisitsoe hore u ka itlwaetsa neo eo
3	litšireletso	ditshireletso	Ho na le litšireletso tse peli tse etsang hore bo
3	lekhetlo	lekgetlo	umane ho nepahala (kapa ho fosahala) ka lekhetlo la pele bekeng ena? Mpolelle; k
3	khaolong	kgaolong	hahiso ea boraro ea Vallotton, e tsoang khaolong e le 'ngoe eo u seng u e itlwae
3	lithahasello	dithahasello	o bakeng sa e mong le e mong. Fanang ka lithahasello, e mong le e mong a bolele
3	khoneng	kgoneng	etsa'ng seo boitoanyo ba lekunutu bo sa khoneng ho bo fana?
3	Moeli	Moedi	na se bolela letho?" — ebe u a e lesa. Moeli oa
3	khutsise	kgutsise	. Ha u khutsise kelello ea hau e le hore u naha
3	kopuoa	kopuwa	elehileng eo matla a holang ka eona — a kopuoa, e seng ho a qoba ka tšabo.
3	'mino	mmino	Pele ke borapeli — lisebelisoa tsa 'mino, boporofeta, ho rorisa. Joale Moea
3	kolobetsoa	kolobetswa	ong 8 Basamaria ba ile ba lumela 'me ba kolobetsoa, "but the Holy Spirit had not
3	ithutoa	ithutwa	Elia o ne a laola sekolo — neo e ithutoa ka botho
3	rapelloa	rapellwa	"eseng kapele haholo." U mpa u kopa ho rapelloa — mofuta o lokolohileng.
3	Sechaba	Setjhaba	ahalang ea motho ka lentsoe le le leng. Sechaba se fana ka seo bobeli bo ke keng
3	lithutong	dithutong	libukeng le lithutong tsa maikutlo
3	tsamaisoang	tsamaiswang	g ho sona: kereke ea sebaka ea tumelo e tsamaisoang ke Moya, sekolo sa baporofet
3	litshwantsho	ditshwantsho	tlwaelo. Tsohle tseo u li ngoletseng ke litshwantsho tsa papali — 'me sepheo sa
3	fosahetsoe	fosahetswe	la papali hantle, hokae moo ke ileng ka fosahetsoe, ke eng seo ke lokelang ho se
3	utloisisoa	utloisiswa	ang letho e le phoso — mantsoe a mang a utloisisoa
3	lirekoto	direkoto	✓ Nepile — §1. p. 91: lirekoto ke 'lisebelisoa tsa ho ithuta…
3	lekanngoang	lekanngwang	oo ke sepheo se seholo: tsebe ea hao, e lekanngoang ke bopaki ba hao ka bo bona.
3	buuoe	buuwe	→ e ntse e sa buuoe ho hang, e isoa
3	bakuli	bakudi	beha matsoho holim'a bakuli
3	kheloha	kgeloha	, u kheloha ho tloha ho ema u kena boitekong
3	moahloli	mwahlodi	a boloka khotso ea hae, hobane o tshepa moahloli, eseng lentsoe la hae. 'Me khol
3	oele	wele	belang ho ema holim'a tokelo hore ho se oele boikakanyong?
3	tlatsoang	tlatswang	se sa tlatsoang ho fihlela lentsoe le phethaha
3	hearing	hyaring	. Tlatsa lebaka le sieo ho tswa ho §1: "hearing the voice and discerning the spi
3	Bolaoli	Bolaodi	Bolaoli = Boikarabelo + Maikarabelo + Ho
3	Balebeli	Balebedi	"Balebeli ba Liheke"
3	thoeng	thweng	o hlahisa potso e chesehang ho feta: ho thoeng ka lentsoe le boima — temoso, kap
3	ntoa	ntwa	" (p.{{0}}22). Tloaelo ke tshimo ea ntoa ka tsela e nngwe le e nngwe — e nng
3	Molimo'	Modimo'	____ ke Moya oa Molimo, bona ke bana ba Molimo' (Rom 8:14). Lentsoe le le leng l
3	lekhabunyane	lekgabunyane	a ka mehlala e 'meli. Ho Liketso{{0}}16 lekhabunyane le neng le "na le moea oa b
3	Liteko	Diteko	Liteko tse hlano tsa moprofeta oa 'nete
3	susumetsoa	susumetswa	hata ha ba susumetsoe ke lerato empa ba susumetsoa ke tlhoko ea ho hlokomeloa. …
3	ikhethang	ikgethang	"Kaha e mong le e mong o amohetse neo e ikhethang,
3	boitšoaro	boitshwaro	Vallotton o qala khaolo ea hae ea boitšoaro ka ponahalo eo bongata ba rona
3	Shakespeare	Shakespyare	, leha e le hore o utloahetse joalo ka Shakespeare" (leq.{{0}}70). E bue ka len
3	litšoantšo	ditshwantsho	Vorster o fana ka litšoantšo tse tharo tse tsoang litšepis
3	bolaoling	bolaoding	a bophelo ba hau bo eketseha ho neheloa bolaoling ba Hae, u tataisoa ka ho ekets
3	cheklitsoeng	tjheklitsweng	. Ke tholoana ea seliba se cheklitsoeng, eseng ea liliba se fumanoe
3	hlahlojoa	hlahlojwa	. Ho na le lisebelisoa tse ntseng li sa hlahlojoa ka botlalo mehloling ea hau: k
3	tataisitsoeng	tataisitsweng	, re fetohela tlhahlobong e tataisitsoeng ea leeto la hau — e leng b
3	tataisoeng	tataisweng	g ho utloa Moya o Halalelang kapa ea sa tataisoeng ke oona; Mokreste oa moea, oa
3	'Joale	'Jwale	, a re: 'Joale Morena o re fumantse
3	mekhahlelo	mekgahlelo	oa T2, joale o hlalositsoe e le mekhahlelo e meraro. Ho
3	shoetse	shwetse	tšepiso tse tsoang ntlheng ea hore o re shoetse. Shibah e ka boela ea fetoleloa
3	selibeng	sedibeng	semane: 'room' — seo Morena a se etsang selibeng sa boraro — ho fapana le ho pat
3	timetsoa	timetswa	haeba ba tsoela pele ba tla timetsoa nameng
3	bofetoheli	bofetohedi	a ka setu. Hangata ha ho utloahale e le bofetoheli; ho utloahala e le ho itširel
3	itšireletsa	itshireletsa	e e le bofetoheli; ho utloahala e le ho itšireletsa ka kutloisiso. Ke ka lebaka
3	notlolloa	notlollwa	notlolloa
3	preaching	pryatjhing	let Jesus do the preaching
3	tloetseng	tlwetseng	, ho e-na le ho leta feela leo o tloetseng ho lona.
3	lelisitseng	ledisitseng	lelisitseng terompeta
3	mocheso	motjheso	ba bona ka bohale ba hao — o lumellanya mocheso le mocheso, seo se jesang feela
3	felisa	fedisa	felisa taba yohle ntle le boiteko bo eke
3	ratoa	ratwa	batho bana ke ha ba qala ho ikutloa ba ratoa. Ha ba ntse ba iphihlela lerato la
3	Sethuthuoa	Sethuthuwa	Sethuthuoa: 1 Timothea 4:14
3	itlhoekise	itlhwekise	("itlhoekise… u iphe ka botlalo"); mona ke
3	mantsiboea	mantsiboya	halang ea kajeno; e ngole; u e hlahlobe mantsiboea.
3	oache	watjhe	Batla 'me ka potlako — kenyella oache
3	bolokiloeng	bolokilweng	E bolokiloeng bakeng sa nako e tlang · le
3	lokolotsoeng	lokolotsweng	si oa litlotso — botlalo bo le bong, bo lokolotsoeng joalo ka tse ngata
3	lekantsoe	lekantswe	Tlotso e 'ngoe le e 'ngoe e lekantsoe ho tšepiso
3	tšolla	tsholla	umellana: litlotso tse tsoelang pele li tšolla
3	itlhoekisa	itlhwekisa	, ntle le ho itlhoekisa
3	lumellaneng	dumellaneng	entsoe le sa tlotliseng Jesu kapa le sa lumellaneng le Mangolo le lokolloa ho sa
3	kopantsoeng	kopantsweng	tsoe le sa e-so phethahale (mosebetsi o kopantsoeng — u se ke ua qobella, u se k
3	lokisoa	lokiswa	epe — "kaofela re tla shoa" — le ile la lokisoa ho ba "ha ho na motho ea tla lah
3	fumanoa	fumanwa	la moo u leng teng" (letl. 23) — 'me e "fumanoa ke Bakreste bohle" (
3	seholohali	seholohadi	tola seliba, empa u ka tlisa senoelo se seholohali (neo ea tumelo, Thuto 9) — mm
3	Boitloaetso	Boitlwaetso	Boitloaetso ba pele ba thuto ena bakeng
3	bokhabane	bokgabane	— bokhabane bo etsa hore maikutlo a se na
3	fihlelloa	fihlellwa	apele = Boikarabelo + Boikarabello + Ho fihlelloa
3	boitshoaro	boitshwaro	— "boitshoaro ba rona bo lumellana le ba Mo
3	molumo	modumo	ka teng joalo ka seo A se boletseng... molumo oa lentsoe... o bua haholo joalo
3	liphello	diphello	g." Mehau e 'meli e boloka u tšepahala: liphello ha lia ka tsa itšetleha ka bokh
3	lihlong	dihlong	oitshepo"), ho lokolla mohau ho e-na le lihlong. Sena se eketsa molao oa Thuto 6
3	linaleli	dinaledi	raro ea Bakreste (lerole · lehlabathe · linaleli — tsela ea ho tataisoa)
3	bonngoe	bonngwe	Veine ea lerato (ho tlatsoa e le bonngoe · lerato pele ho mosebetsi)
3	Baahloli	Baahlodi	28–29 (1 Samuele 16:13; 1 Marena 1:39; Baahloli 6:34, joalo ka ha e phetiloe)
2	entsoe	entswe	U entsoe hore u utloe
2	metsotsoana	metsotswana	a pel'a Molimo. Ha ho hlokahale ho feta metsotsoana e 30. Ebe re khalemela mants
2	khutsisoe	kgutsiswe	le rona, e le hore mantsoe a bodemona a khutsisoe. Joale u ka botsa Moya o Halal
2	Baratuoa	Baratuwa	"Baratuoa, le se ke la lumela moya o mong
2	phetoang	phetwang	e ka phetoang khafetsa (mehato e supileng) le
2	Tšusumetso	Tshusumetso	Tšusumetso e u isang
2	eaba	yaba	ka setho e ka 'na eaba ke uena feela.
2	koetliso	kwetliso	koetliso.
2	bitsoa	bitswa	sekheo: ho ineela ka botlalo ho Jesu ho bitsoa "____" ea Hae. (lentsoe le le len
2	litšusumetso	ditshusumetso	eteng "lentsoe" ho fihlela ho hlokomela litšusumetso tsa Hae ka mehopolo, khotso
2	lekanngoe	lekanngwe	bua ka ho hlaka hore puo ea Molimo ha e lekanngoe ke mokhoa o le mong o makatsan
2	Tšenolo	Tshenolo	Tšenolo
2	tloaela	tlwaela	maponatšo a atisang ho hlaha. Ke ka ho tloaela litsela tse tloaelehileng, e le
2	koetlise	kwetlise	mengata. Empa re hloka ho ithasa 'me re koetlise bokhoni bona le Moya o Halalela
2	khutlisoang	kgutliswang	molala oa hau: e sa beheng kotsi, e ka khutlisoang, e sa lemaleng motho, 'me ha
2	lekiloe	lekilwe	hutlisoeng nakong eo lentsoe le seng le lekiloe ka thata mme la netefatsoa nako
2	Litloaelo	Ditlwaelo	. Litloaelo li hahoa ka liketso tse nyenya
2	hahoa	hahwa	. Litloaelo li hahoa ka liketso tse nyenyane, tse pheto
2	metsoalle	metswalle	Botsa metsoalle e meraro ka eona
2	koetse	kwetse	U koetse potoloho. Ho amohela ke mehlano f
2	khutlisoa	kgutliswa	Ha u na bonnete ba hore na mohato o ka khutlisoa kapa ha o bee kotsi? Botsa pel
2	lahleheloe	lahlehelwe	e lekanya. Haeba e sa fihlelle, ha u so lahleheloe ke letho mme u ithutile ho ho
2	lits'upiso	ditshupiso	"Joale ha lits'upiso tsena li u fihletse,
2	tšelisang	tshedisang	ahang, a khothatsang, mme a tšelisang
2	sengoli	sengodi	a letlotlo (p.{{1}}41), le thapelo ea sengoli "Molimo haeba limpho tsa hao li
2	tlisoa	tliswa	e o etselitsoe thapelo ea boemeli le ho tlisoa tlas'a mali a Jesu."
2	tšelise	tshedise	aha motho, se mo khothatse, kapa se mo tšelise — e ka ba lentsoe leo u ka le fa
2	Lipakeng	Dipakeng	"Boprofeta" le "Phapang e ka Sehloohong Lipakeng tsa Baporofeta ba Testamenteng
2	tšepong	tshepong	ena, ho tloha sefapanong, e lebisitsoe tšepong. Ke ka lebaka leo tse setseng fe
2	khalemeloa	kgalemelwa	Baprofeta "le bona ba ka khalemeloa hobane ba ka fositse, ba ka k
2	reriloeng	rerilweng	ea bona ea lefatše, lithuto, mehopolo e reriloeng" mongolong (p.{{0}}48). Esita
2	lumellane	dumellane	hlompha Jesu 'me le lumellane le Lengolo
2	tsejoeng	tsejweng	ofeta bo senola 'nete e patiloeng, e sa tsejoeng
2	boemeli'	boemedi'	apa ofe o mobe 'o etselitsoe thapelo ea boemeli' — u oa rapela, u sa o bue.
2	litsebeng	ditsebeng	(kutloisiso e mpe e ea thapelong, eseng litsebeng tsa bona). Bo tsamaea
2	liphetoho	diphetoho	— u na le potoloho eohle ea ho utloa le liphetoho tsa eona tse peli tse lebisits
2	enoa	enwa	, ho motho enoa kapa ka phapusing ena kapa ke lents
2	loane	lwane	"Hobane ha re loane le nama le mali, empa re loana le
2	kolokiloe	kolokilwe	" (p.{{0}}49). Haeba temoho e fihla e kolokiloe ke tšabo, pelaelo, kapa nyatso
2	khetholotsoe	kgetholotswe	mosebetsi oa lona" (p.{{0}}50). Bobe bo khetholotsoe, lengeloi le khetholotsoe,
2	nkhang	nkgang	qosi: ea khetholang o "tšoana le ntja e nkhang lithethefatsi 'me e ka li fumana
2	lithethefatsi	dithethefatsi	a khetholang o "tšoana le ntja e nkhang lithethefatsi 'me e ka li fumana e le ho
2	liphoso	diphoso	Lithuto, liphoso, boqhekanyetsi, matichere a boha
2	'Mpho	Mmpho	✓ Ho nepahetse — p. 49. 'Mpho ena ke ea pele bakeng sa thapelo e
2	ahoe	ahwe	sireletsehe mme ba ahoe
2	qosoa	qoswa	, e seng ho qosoa le ka mohla. E sebetsa ka
2	Tšoara	Tshwara	o batla hore ho etsoe'ng. Tšoara temoho ea hau ka boikokobetso: u
2	khukhunyelitseng	kgukgunyeditseng	ng, e halefisoang, e nahanang haholo, e khukhunyelitseng lentsoe le khutsitseng
2	bochabeng	botjhabeng	o fetisisa bakeng sa hau, ha ho lebisoe bochabeng — ho buuoa ho Molimo, 'me ho t
2	ipontša	ipontsha	belaelang ba tšabang kapa ba ratang ho ipontša ba se batlang:
2	hatelloa	hatellwa	re u bue ka maleme. Sena se thusa ha ke hatelloa ke maikutlo kapa ke feta nakong
2	hlalosoa	hlaloswa	a buuoa ka lentsoe le hlahang, ebe a hlalosoa
2	romelloang	romellwang	sha satellite dish: e "tšoara sesupo se romelloang lefatšeng 'me e se fetolela s
2	hatelloang	hatellwang	Khetha nako eo u "hatelloang ke maikutlo" kapa u "ferekane
2	khutse	kgutse	ula u khutsitse 'me u tlohele kelello e khutse.
2	khonehe	kgonehe	bua ka mafura a etsang hore mohato oo o khonehe. Thuto e bitsa mpho e latelang
2	ts'episa	tshepisa	E ts'episa hore thapelo e 'ngoe le e 'ngoe
2	khaotsoe	kgaotswe	U khaotsoe moeling oa tumelo ea hau — ha u
2	holisoang	hodiswang	se fetolang ho utloa ho ba ho etsa, se holisoang ka ho etsa, se le sebete empa
2	litsebi	ditsebi	isang ka ho fetisisa — hase sehlopha sa litsebi feela.
2	Joalo	Jwalo	ae — ke ba lumelang. U se u tšoaneleha. Joalo ka mpho e 'ngoe le e 'ngoe, "o lab
2	rekiloe	rekilwe	rekiloe 'me ea rarolloa
2	rarolloa	rarollwa	rekiloe 'me ea rarolloa
2	Libe	Dibe	"lintho tse kholo li ile tsa etsahala. Libe tsa rona li ile tsa tšoareloa, malo
2	boloetseng	bolwetseng	boloetseng — rapella ho tsoa ho seo Jesu
2	litaelo	ditaelo	Mamela litaelo tsa Moya o Halalelang
2	tlosoe	tloswe	auluse a rapela ha raro hore lehlaba le tlosoe nameng ea hae. Karabo ea Molimo e
2	baqali	baqadi	'ngoe ea thuto ke mohau o sebetsang oo baqali ba bangata ba o fosahetsang —
2	lipontšo	dipontsho	olo le lentsoe la Molimo, eseng holim'a lipontšo tsa phekolo. Mangolo le lentsoe
2	tlositsoe	tlositswe	, eseng seo 'na ke se etsang.' Boima bo tlositsoe ho uena; u sebelisa mosebetsi
2	pakiloeng	pakilweng	le ba lumelang, eseng feela bafodisi ba pakiloeng kapa ba behiloeng.
2	behetsoe	behetswe	ke eona e utloahalang e behetsoe li-giant feela — Moshe, Elia, E
2	koetlisoang	kwetliswang	alo ka seo u leng ho sona. Baprofeta ba koetlisoang ba ne ba na le tloaelo e le
2	holisoa	hodiswa	). Thuto e hlakile hore sena se ka holisoa, 'me e bitsa lintho tse peli tse
2	phethoang	phethwang	moo mpho ena, joalo ka bohlale bohle, e phethoang ka
2	phethiloe	phethilwe	Thuto 12 · Mpho ea molekane, e phethiloe
2	bulileng	budileng	. Thuto ena e phetha bobeli boo u bo bulileng Thutong 8 — 'me ke phomolo, ese
2	khaitseli	kgaitsedi	— mpho e leng khaitseli ea tsebo eo u ileng ua kopana
2	likhalo	dikgalo	E fana feela ka likhalo tse sa tloaelehang le tse makats
2	boikhutso	boikgutso	se ka mohla e le ka nako e le 'ngoe ea boikhutso; e ne e le ka boemo ba
2	patiloe	patilwe	Lintho tse peli li patiloe mola oo.
2	litloaelo	ditlwaelo	leng le Moya o Halalelang bo sebetsa ka litloaelo tse
2	motsotsoana	motsotswana	alalelang, u reng mona?" — ebe u mamela motsotsoana
2	likhoeling	dikgweding	ho leka le ho hopola lentsoe la Molimo likhoeling, eseng letsatsi le le leng fe
2	phethoa	phethwa	ebelisoe hamorao. Tloaelo ea ho utloa e phethoa ke tloaelo ea ho ngola.
2	khoeli	kgwedi	. Mola o nang le letsatsi-khoeli leqepheng o thata ho hanngoa.
2	lipeko	dipeko	lahloba ke sona se u rutang: hore na ke lipeko life tse ileng tsa phethahala, ke
2	lipapaling	dipapading	pi ba lipapali ba li sebelisang ho tsoa lipapaling tsa bona tsa nakong e fetilen
2	tšoantšetsa	tshwantshetsa	✓ Ho nepahetse — Karolo 3. Vallotton o tšoantšetsa diari le 'lifilimi tseo bait
2	libaka	dibaka	a letsatsi-khoeli la kajeno, ebe u beha libaka tse khutšoanyane tse 'ne:
2	Siea	Siya	enyane eo u tla e etsa ka lona (ketso). Siea "letsatsi la phethahalo" le se na l
2	koale	kwale	Khutla 'me u koale potoloho
2	etloang	etlwang	— ke sona se etsang hore tlhahlobo e etloang morao e be 'nete, 'me ke karolo
2	fihloa	fihlwa	e hore maikutlo a nepahetseng a se ke a fihloa ke qeto e fosahetseng.
2	tšebeliso	tshebediso	, e seng bakeng sa tšebeliso ea motho a le mong. Ke ka leba
2	likamanong	dikamanong	o u rapella. Neo e hlophisitsoe ho hola likamanong. Molekane oa thapelo hase tse
2	khaotsile	kgaotsile	hehisana "che, e tlameha ho bolela…," u khaotsile ho fana 'me u qalile ho qobell
2	'Lumella	'Dumella	✓ Ho joalo — Karolo 2. 'Lumella ea amohelang a ahlole lentsoe l
2	lumelletsoe	dumelletswe	'me ke oona o etsang qeto ea hore na u lumelletsoe ho bua eng le eng. Thuto ea
2	kholiso	kgodiso	Ncha. Ho aha, ho khothatsa le ho tlisa kholiso.
2	khothatsong	kgothatsong	Diari ea hau, e lebisitsoeng khothatsong
2	patoa	patwa	e, e le hore maikutlo a 'nete a se ke a patoa ke tlhakiso e fosahetseng.
2	matlafalitse	matlafaditse	seng "na e ne e le 'nete," empa "na e u matlafalitse."
2	lekhalo	lekgalo	Beha lithuto tse peli hammoho 'me lekhalo le hlakile. Thuto ea 8 e ile ea
2	habeli	habedi	Bala seo e le taelo e habeli:
2	qobelloang	qobellwang	g u khutsa pele ke mohau, eseng taelo e qobelloang: sepheo ke "ho bolaea kelello
2	batšoaruoa	batshwaruwa	mang: ba bonolo, ba pherekaneng lipelo, batšoaruoa — batho ba bang. Tlotso e pho
2	hloekisitsoe	hlwekisitswe	matla, botho ba hau bo tlameha ho be bo hloekisitsoe ke lentsoe le buuoang la Mo
2	bolelloa	bolellwa	a ba bang (Isa{{0}}61:1) — 'me u ile ua bolelloa hore u kope, ntle le tšabo, Moe
2	Borapeli	Borapedi	rorisa. Joale Moea o a akgela holim'a. Borapeli hase moputso oa ho tlala; ke le
2	Liketsong	Diketsong	. Liketsong 8 Basamaria ba ile ba lumela '
2	lithothokolo	dithothokolo	a ba ne ba rapela (harepa, thamboraine, lithothokolo, lira) 'me ke feela ka mor'
2	khutle	kgutle	e lula e le eo pele" (p.{{0}}16). 'Me u khutle ho tlala hape: e ne e le "ketsaha
2	tloaetsa	tlwaetsa	bo hlahisang mehlolo. Ha baporofeta ba tloaetsa
2	kolobelitsoe	kolobeditswe	a e ne e le balumeli ba nnete, ba se ba kolobelitsoe — leha ho le joalo matla a
2	khethoa	kgethwa	uta o lokolohileng oa thapelo, eseng ho khethoa bakeng sa boemo.
2	khutlele	kgutlele	mme u khutlele ho eona. Thuto ena ke ho khutle
2	Lirekoto	Direkoto	hola ikarabelo e hahang tumelo ea hao. Lirekoto tsena li ka sebelisoa e le lise
2	filimi	fidimi	shebe filimi ea papali
2	tsoara	tswara	gola ka bonolo ho baleha kahlolo. Kahoo tsoara sena pele: tlas'a Selekane se Sec
2	koetlisoa	kwetliswa	eng sa motho ea utlwisisang ea ntseng a koetlisoa, eseng kahlolo ea hore na u ka
2	lea	lya	3. Lentsoe leo o le ngotseng ha lea ka la phethahala. Karabo e nepahetse
2	lekanngoa	lekanngwa	lekanngoa
2	tloaelehe	tlwaelehe	ka tshohanyetso, bo sa tloaelehe
2	ithoahla	ithwahla	se ho inahanela u le monyane empa ke ho ithoahla ka bonyane.
2	tsosolosoa	tsosoloswa	ao o kulang "o shwele sefapanong mme oa tsosolosoa le Jesu" — kahoo, thuto e re,
2	phekoloa	phekolwa	na. Re na le matla a molao a hore re ka phekoloa" (p.{{0}}14).
2	'Nka	Nnka	ke ferekane haholo mme ka re ho Molimo: 'Nka rapella ba bang jwang haeba o sa mp
2	tsoetseng	tswetseng	a bo rapellang ho feta hang: bohloko bo tsoetseng pele ba hao, kapa motho a le m
2	seaparo	syaparo	ho rapela. Mona letshwao lena le apere seaparo sa phekolo — ho rapela ka lentso
2	Khutlela	Kgutlela	eloha ho tloha ho ema u kena boitekong. Khutlela polelong ena: "eseng seo
2	hlotsoe	hlotswe	elang hore taba e thata e bolela hore u hlotsoe. Esita le moruti "ha a tsebe hor
2	'ea	'ya	✓ Ho nepahetse — p. 45. Keketseho ke 'ea kutloisiso, phihlello, tumelo joalo-
2	tshoare	tshware	etsoeng mona: boemo bona ba "ema, 'me u tshoare ka matsoho a bulehileng" ha se b
2	neiloe	neilwe	le 'ngoe e khale: Abrahama le Sara, ba neiloe mora eo ba neng ba e-so mo bone.
2	pleasure	plyasure	"After I have become old, shall I have pleasure, my lord being old also?"
2	Lilemo	Dilemo	Lilemo li ne li fetile 'me mora ea tshep
2	tsoaloe	tswalwe	etile 'me mora ea tshepisitsoeng a e-so tsoaloe. Sara o ile a belaela — leha ho
2	tsoaloa	tswalwa	re, "leha a ne a belaela, Isaka o ile a tsoaloa selemong se latelang." Ho leta e
2	lumelloa	dumellwa	Ho belaela lentsoe ha ho a lumelloa ka mohla
2	bea	bya	bane feela le diehile. Ho lokolla ke ho bea fatshe lentsoe le hlolehileng kannet
2	'hearing	'hyaring	✓ Nepile — p. 49: 'hearing the voice and discerning the sp
2	tšoanelehang	tshwanelehang	"Polelo e builoeng ka motsotso o tšoanelehang, e joaloka
2	'Balebeli	'Balebedi	eletsong u fetisa lentsoe ho ba busang ('Balebeli ba Liheke'), ba khonang ho bon
2	Liheke'	Diheke'	tisa lentsoe ho ba busang ('Balebeli ba Liheke'), ba khonang ho bona kamore eohl
2	balebeli	balebedi	Ipotse: "balebeli ba ka ba liheke" ke bo mang?
2	fetoloa	fetolwa	ba rona 'me setho sa sehlopha sa fetoloa ka lerato" (p.{{0}}72)
2	fetiselitsoe	fetiseditswe	ba rona. Hang ha le fetiselitsoe ho bona mme re
2	'lentsoe	'lentswe	helo,' mme mohato oa boraro o kopa Moya 'lentsoe la boporofeta le lokollang boph
2	hatisoang	hatiswang	leeto lohle leqepheng le le leng, le ka hatisoang —
2	noe	nwe	(Thuto 23), u noe
2	boloketsoeng	boloketsweng	e mong bakeng sa seo ke se utloileng, o boloketsoeng thoko ho seo ke nahanang ho
2	'nka	nnka	fella eseng ho utloeng empa ho etsoeng: 'nka bohato holim'a seo u se lumelang ho
2	rutiloeng	rutilweng	Thuto ena e kwala tsela e rutiloeng ea thuto ena: joale u na le le
2	phetsoeng	phetsweng	phetsoeng
2	tshefuoa	tshefuwa	tshefuoa ke tshebeletso e mpe
2	bolaoe	bolawe	re bolaoe ke tlala
2	Moamoheli	Mwamohedi	✓ Ee — p. 54. Moamoheli o na le 'maikarabelo a a lekan
2	nakoana	nakwana	rofeta tsa baapostola li ne li fosahala nakoana le nakoana. Ho tloha ho
2	lintlheng	dintlheng	a ka fana ka lentsoe le fosahalang lintlheng tse ling. Thuto joale e u fa p
2	lithetso	dithetso	"E 'ngoe ea lithetso tse kholo ka ho fetisisa kereke
2	sekhoa	sekgwa	o eo, haeba a ka u bolella hore u na le sekhoa, u tla mo lumela "leha e sa utloa
2	thetsoe	thetswe	ko ke ho u boloka u lokolohile 'me u sa thetsoe, u le setjhabeng se tšepahalang
2	nkhahlisetsang	nkgahlisetsang	, kapa re fetohele ho eng kapa eng eo u nkhahlisetsang eona.
2	tšoanelang	tshwanelang	rapelelang, 'me mohau "hase molemo o sa tšoanelang feela; hape ke
2	nkuoa	nkuwa	na, esita le seo re nang le sona se tla nkuoa ho rona… Haeba re batla ho amohela
2	hlaloa	hlalwa	lopha sohle sa limpho se e siileng e sa hlaloa —
2	sebelisitsoeng	sebedisitsweng	atlohang, matla a fanoeng, eseng ntho e sebelisitsoeng ke motho. 'Me hlokomela h
2	chesa	tjhesa	chesa peto
2	'Limpho	'Dimpho	✓ Ho joalo — leq. 66. 'Limpho li ka bapisoa le enjene ea koloi
2	Setšoantšong	Setshwantshong	Che, hase eona — bala hape §2. Setšoantšong sa koloi neo ke mochine (en
2	lipuo	dipuo	e le 'ngoe e u tlatsang hape — thapelo, lipuo (
2	tšepahetse	tshepahetse	otšepehi, eseng e le 'ngoe: na ke ne ke tšepahetse ho
2	'Sekhala	'Sekgala	✓ Nepile — §1 / leq. 70. 'Sekhala sa lentsoe… se bua hoo eketsehi
2	volume	vodume	d — in your ordinary voice, at ordinary volume, no "Thus saith." Notice how much
2	change	tjhange	wouldn't, change the manner before you change the
2	discipline	discipdine	(ch.{{0}}8, "discipline, not punishment") — best take
2	linakong	dinakong	utloa Molimo ho utloahala ho le bonolo linakong tse ling mme ho utloahala ho le
2	theiloeng	theilweng	o e hlahisa 'mapa oo tsohle tse ling li theiloeng holim'a ona —
2	linaleding	dinaleding	oo motho o tsoa joang lehlabatheng a ea linaleding? Thuto e e bolela ka polelo e
2	'ntšoarele'	'ntshwarele'	— §1 / leq. 21. Ka Mokreste oa nama (oa 'ntšoarele') thuto e re o 'sa khone ho u
2	cheke	tjheke	se cheke hape
2	chekiloe	tjhekilwe	tseo li neng li chekiloe mehleng ea ntat'ae Aborahame, t
2	buloa	bulwa	buloa hape
2	khutseng	kgutseng	moeti ea sa khutseng
2	balisana	badisana	"…balisana ba Gerare ba
2	'muso	mmuso	thutile ho mo tseba… Ke qala ho phelela 'muso oa Molimo, ke
2	tlhoekiso	tlhwekiso	ho cheka hape ho hlahisa ngangisano le tlhoekiso ea hau — hoo hase pontšo ea ho
2	macha	matjha	e §1. Isaka ha aa ka a ea batla metsi a macha; o ile a cheka hape liliba tsa nta
2	khelosoa	kgeloswa	a" hofe (leq. 37) ho se thibetseng — ho khelosoa, takatso, kapa ho itekanya ho f
2	pholositsoeng	pholositsweng	: bophelo bo pholositsoeng ka botlalo, empa bo sa beh
2	'nang	nnang	'nang a khoaheloa mosebetsing… a ka be a
2	khoaheloa	kgwahelwa	'nang a khoaheloa mosebetsing… a ka be a nyetse
2	tšelang	tshelang	Nka mohato o le mong o turang o tšelang moeli oo
2	kea	kya	, mme na le nna kea rata hape?"
2	earthquake	yarthquake	earthquake
2	thoe	thwe	"ho thoe ke fosahetse mme ka itlhabisa dihlo
2	lumellanya	dumellanya	le bohale ba bona ka bohale ba hao — o lumellanya mocheso le mocheso, seo se je
2	Leading	Lyading	"Leading People Out of Prophetic Deceptio
2	ntše	ntshe	a ka qala ho tšepa boetapele hore bo ba ntše tlhokomelisong ea bona"; "sebaka se
2	khutlisetso	kgutlisetso	aneng nako le nako ke sona se qobellang khutlisetso e phollang e bolokang bokhon
2	tšoaee	tshwaee	L52 e ile ea fela ka ho u laela hore u tšoaee bokhoni boo u ikutloileng bo foma
2	hlokomolohiloe	hlokomolohilwe	Neo ha e hloke ho lahleha hore e be e hlokomolohiloe — e hloka feela ho
2	tšoaileng	tshwaileng	— boo u bo tšoaileng qetellong ea L52, kapa boo u i
2	likhono	dikgono	ele ea bokhoni bo kopaneng e ne e le ea likhono tse hlano. Joale u na le tse fet
2	fenngoa	fenngwa	etsang hore a ikutloe a ratoa, e seng a fenngoa ka lipuisano?
2	hlokomolohiloeng	hlokomolohilweng	1. Neo eo u sa keng oa e hula ke eona e hlokomolohiloeng, mme 'do not neglect th
2	huletsoe	huletswe	✓ Ho joalo — sena se huletsoe ho tsoa L35/L36 u batile. Lents
2	tšoaea	tshwaya	). Qetellong, tšoaea hore na ke efe e neng e le thata
2	phetetsoeng	phetetsweng	tlwaetso e phetetsoeng
2	likonto	dikonto	. O ntšepisa likonto tse kholo tsa khoebo mme
2	itlhoekisitse	itlhwekisitse	Tlotso ha e "qale ho sebetsa" hobane u itlhoekisitse bakeng sa eona, kapa hoban
2	leliba	lediba	uto e itshetlehileng ho eona bakeng sa "leliba la litšepiso" ea eona e bua ka ho
2	Leliba	Lediba	"Leliba la litšepiso ke eng?"
2	bokelletsoeng	bokelletsweng	ena hase thuto e ncha. Ke thuto eohle e bokelletsoeng sebakeng se le seng: ho ut
2	tloaelang	tlwaelang	ba tloaelang
2	linthong	dinthong	tataisoa ke Molimo linthong tsohle
2	ahloloa	ahlolwa	fanoang le ho ahloloa
2	lipono	dipono	ntsoe la Hae, khotso, menahano, litoro, lipono, kutlo/tlhohleletso, batho ba ban
2	shejoa	shejwa	Bokhoni ba ho utloa bo shejoa e le mokoloko oa mehato e mmedi:
2	ithutoang	ithutwang	etsatsing lohle. Ho utloa ke bokhoni bo ithutoang: "re hloka ho itlhoahlaotsa le
2	kopantsoe	kopantswe	ho bolela ho mamela moo u leng teng." E kopantsoe le ho ba
2	litlhohleletso	ditlhohleletso	le bo hlakileng kapa Mangolo. Ho mamela litlhohleletso tse nyenyane hape ke se
2	oane	wane	— likhutlelo tse khuts oane, tse ngata ho Eena bophelong ba let
2	ngoliloeng	ngodilweng	Tlaleho e ngoliloeng e fetolang seo u se utloang h
2	siiloe	siilwe	(le siiloe le se na letho, le tlatsoa ha e l
2	hlotsoeng	hlotsweng	loekisa kelello ka thata", "letsatsi le hlotsoeng ha ho na se hlahileng", "etsa
2	utloeli	utlwedi	lentsoe la Morena" (letl. 53) — mo-utloeli ea ntseng a ithuta o ka fosa, mm
2	lipolelo	dipolelo	ke ua khaotsa Moea; u se ke ua nyefola lipolelo tsa boprofeta...
2	Bachaba	Batjhaba	da ba tla tlama Pauluse 'me ba mo neele Bachaba, empa Bachaba e bile bao ba mo p
2	lihlopha	dihlopha	ka teng — monyako oa pele oo lihlopha tsohle tsa limpho li ileng tsa
2	koahlela	kwahlela	ba babeli hore re be le matla," kapa ho koahlela tumelo ea motho e mong. (3)
2	kholohali	kgolohadi	pate neo e nyane ho fihlela u fumana e kholohali"
2	litlhoko	ditlhoko	tsoe a tsebo (mabitso, libaka, liaparo, litlhoko), joale se ea ntle 'me se "batl
2	bontšitse	bontshitse	lelana seo le dumelang hore Modimo o le bontšitse sona.
2	ahloloang	ahlolwang	Kamoo le ahloloang ka teng:
2	isoang	iswang	e tataisang bophelo" (le laolang moo li isoang teng):
2	Linnete	Dinnete	" (Liproverbia 25:11, letl. 69). Linnete tse peli li etsa hore ho ema ho
2	lekhoba	lekgoba	a ka nepa ka botlalo — ngoanana oa lekhoba oa Liketso 16 o ne a e-na le "le
2	kalimo	kadimo	kalimo
2	Luka	Duka	(Luka 18:1–8) — "ba lokela ho rapela kame
2	folisoa	fodiswa	ka eka boholo bo susumetsa Modimo — bo folisoa ke sethuse sa thuto ena ka boeon
2	Kholiso	Kgodiso	fetohang tlhoheletso e supa ho itšepa. Kholiso ke ea nnete empa e tla ka tsela
2	libopeho	dibopeho	libopeho
2	hlabolloa	hlabollwa	hlabolloa mollong oa kotsi
2	tsoakaneng	tswakaneng	Sehlopha se tsoakaneng (boitloaetso bo fapaneng ba h
2	lihleng	dihleng	lihleng tse ling mme e utloahale e le mo
2	jaloang	jalwang	tšimo e sa jaloang
2	monokotsoana	monokotswana	. 36). Sena se felisa tšabo e le 'ngoe: monokotsoana oo u phelang ka oona hase M
2	lisethefong	disethefong	lisethefong tsa khale
2	litumelo	ditumelo	— litumelo, litebello, mekhoa e mabapi le
2	bontšoa	bontshwa	a bontšoa ka
2	noang	nwang	noang
2	Lipina	Dipina	" (Lipina 5:1, letl. 32) — thabo e tšoanang
2	ngoetsi	ngwetsi	ngoetsi
2	tšollo	tshollo	ea lerato"). Thuto ena e hlokomela hore tšollo e ile ea tla ka mefuta e mengata
2	litšupiso	ditshupiso	litšupiso tse fapaneng
2	kolobelloa	kolobellwa	Ho kolobelloa pitsong ea hau (tlotso e na l
2	phetoa	phetwa	bo boholo ka takatso", "kolobetso e ka phetoa hore ke fumane haholo"
1	Balumeli	Badumedi	a u boloka u sireletsehile ha u ithuta. Balumeli ba bang ha ba lumele hore motho
1	'Nete	Nnete	John 16:13 · Moya oa 'Nete
1	tsoetsoe	tswetswe	Haeba u rapetse thapelo ena, joale u tsoetsoe hape 'me u ka bala John 3:1-21
1	Khalemela	Kgalemela	Khalemela bobe bohle
1	akhele	akgele	akhele kutloisiso kapele haholo. U e lek
1	hloeke	hlweke	tsohle tseo re li tsebang e le hore re hloeke ka pel'a Molimo. Ha ho hlokahale
1	hōlileng	hōdileng	ka lentsoe le phahameng ho balumeli ba hōlileng
1	Peace	Pyace	Peace
1	botsoa	botswa	Potso e atisang ho botsoa ke ea batho ba qalang ke e latela
1	Tataisoa	Tataiswa	Romans 8:13–14 · U Tataisoa ke Moya
1	tšohang	tshohang	, "'na" eo u tšohang ka eena ke
1	ratoe	ratwe	sebiso. E tla ba mehopolo e kang: ha ke ratoe, ha ke lekana, letho ha le na thus
1	tšoenyeho	tshwenyeho	maikutlo a itseng ka letsatsi joalo ka tšoenyeho kapa matšoenyeho. Ke matšoao a
1	matšoenyeho	matshwenyeho	eng ka letsatsi joalo ka tšoenyeho kapa matšoenyeho. Ke matšoao a hore moea oa h
1	boitšepong	boitshepong	Thuto e hlalosa Mokreste ea "boitšepong" ka letšoao le le leng:
1	hlohonolofatsoa	hlohonolofatswa	eela sa ho finyella sepheo sa bona — ho hlohonolofatsoa. Ke Bakreste ba reng: 'N
1	menoana	menwana	boinehelo boo e na le menoana ea Moya. E sebeletsang morero oa
1	morutuoa	morutuwa	a o hlakileng ka ho fetisisa. Petrose — morutuoa ea inehetseng — o ile a utloa J
1	khōlō	kgōlō	Thuto e bua ka ho hlaka hore thetso e khōlō ea kajeno hase ho utloa hampe — ke
1	Lula	Dula	Lula u khutsitse, hopola ho hong hoo u k
1	itšepe	itshepe	Khotso e lebisitseng thatong ea Hae → itšepe. Khatello, tšhoho, kapa boitlhaki
1	lumellanye	dumellanye	opolo, khotso, Lengolo, le maemo, mme u lumellanye tsela e nepahetseng le nako.
1	hlakisoa	hlakiswa	in guidance", le "Deceit" (bokhoni bo hlakisoa ke tloaelo). · Thuto ea 2 ea th
1	tshepisitsoe	tshepisitswe	Tataiso e tshepisitsoe e le mosebetsi o tsoelang p
1	arotsoe	arotswe	li shebe ka nako e le 'ngoe — kahoo li arotsoe malapeng a mane ao u ka a boloka
1	Karoloano	Karolwano	e ao u ka a bolokang kelellong ea hau. (Karoloano ena ke thuso ea ho hopola feel
1	Litšusumetso	Ditshusumetso	Litšusumetso tsa ka hare
1	Lithutong	Dithutong	eona ka seo u seng u na le sona ho tsoa Lithutong tsa 1 le 2.
1	ekelitsoeng	ekeditsweng	Polelo eo ke monyako, eseng ntho e ekelitsoeng ka mor'a moo — 'me ke tsohle
1	khothaletsa	kgothaletsa	e. Ke ka lebaka lena thuto e khonang ho khothaletsa sebete le hlokolosi ka nako
1	khutlisoeng	kgutlisweng	engolo. Boloketsa mehato e meholo, e sa khutlisoeng nakong eo lentsoe le seng le
1	netefatsoa	netefatswa	tsoe le seng le lekiloe ka thata mme la netefatsoa nako e telele.
1	'lumellanang	'dumellanang	ahetse — §2. Mohato o re etsa ka seo se 'lumellanang le Lengolo'. U mamela feela
1	lemohuoe	lemohuwe	sang hore tšusumetso e latelang e tle e lemohuoe habonolo e le ea Hae.
1	Tsamaisoa	Tsamaiswa	Thuto ea 5 · Ho tloha Tsamaisoa ho ea Sebelisoa
1	Sebelisoa	Sebediswa	Thuto ea 5 · Ho tloha Tsamaisoa ho ea Sebelisoa
1	hokelitsoeng	hokeditsweng	se sesebelisoa sa bone kapa sa hlano se hokelitsoeng. Ke Lithuto tsa{{0}}1–4 li
1	litonki	ditonki	a tsela ea tlhaho ea ho li tseba — hore litonki tse lahlehileng li fumanoe, hore
1	sebelisitse	sebedisitse	e ke boemo bo ts'oanang boo u seng u bo sebelisitse:
1	Evangeli	Evangedi	ho batla letlotlo, moo u phatlalatsang Evangeli ka lentsoe la tsebo. Sehlopha s
1	tšoaeang	tshwayang	Moya o Halalelang.' Ke lona lentsoe le tšoaeang mpho ena.
1	'Netefatsong	Nnetefatsong	Thuto ea 6 · Ho tloha 'Netefatsong ho ea Khothatsong
1	Khothatsong	Kgothatsong	huto ea 6 · Ho tloha 'Netefatsong ho ea Khothatsong
1	sireleditsoe	sireleditswe	o aha, ho khothatsa, le ho tšelisa — le sireleditsoe ke "tantsho" ea lona le Len
1	eketsoa	eketswa	ebisitsoeng ka ntle hape, empa joale ho eketsoa ntho e le 'ngoe —
1	etselitsoeng	etseditsweng	Boprofeta ba Testamente e Ncha bo etselitsoeng eng
1	tšokelo	tshokelo	e "nepahatsa," 'me ha le ka mohla e le tšokelo. Haeba seo u se utloang se tla
1	tšosa	tshosa	anang. Haeba se boima, se mobe, kapa se tšosa ka timelo, thuto e bua ka ho toba:
1	senotsoeng	senotsweng	Hangata li tsamaea hammoho — 'nete e senotsoeng (tsebo) e fetoha monyako oa l
1	khelositsoe	kgelositswe	khalemeloa hobane ba ka fositse, ba ka khelositsoe kapa ba hlalosa ka phoso" (p
1	utloiloeng	utloilweng	alosa ka phoso" (p.{{0}}49). Lentsoe le utloiloeng le ka ba phoso. Lengolo ke mo
1	tšoasang	tshwasang	hoso. Lengolo ke molala o tsitsitseng o tšoasang phoso — molala o ts'oanang oo u
1	khumamela	kgumamela	lanong-le-Lengolo; ke tsona tse peli li khumamela
1	tšeptjoang	tsheptjwang	Bolela bokamoso ka nepo e ka tšeptjoang
1	boleloe	bolelwe	tse — §3 / p. 47. Kutloisiso e mpe ha e boleloe; e isoa thapelong ea boemeli, tl
1	Ntoa	Ntwa	Ntoa ke ea 'nete, kahoo kereke e hloka m
1	talimane	tadimane	Mohlala oa thuto ka boeona: ha a talimane le monna "ea ikemiselitseng ho
1	phunyeletsoeng	phunyeletsweng	, o bona "lengeloi le tšoereng sabole e phunyeletsoeng haufi le eena," ebe o bot
1	mamehiloe	mamehilwe	otsoe, lengeloi le khetholotsoe, Moya o mamehiloe — tsohle e le hore motho a
1	khetholletse	kgetholletse	osali ka mokhoa o fosahetseng nka be ke khetholletse moea oa takatso bophelong b
1	tšoerweng	tshwerweng	, e tšoerweng ka bonolo — eseng kahlolo ea h
1	phatlalatsoa	phatlalatswa	oerweng ka bonolo — eseng kahlolo ea ho phatlalatsoa.
1	liqheka	diqheka	Thuto e koala mpho ena ka ho bolela liqheka tsa eona, e le hore u tle u item
1	qhekelitsoe	qhekeditswe	seporo ke matšoao a nnete a hore mpho e qhekelitsoe ke moea oa hau — sona seo Th
1	Liphoso	Diphoso	Liphoso tsa batho, merero, libe tse pati
1	tšoenyang	tshwenyang	3. U khetholla ho hong ho tšoenyang ho motho. Ke eng e tlang pele?
1	etsoe'ng	etswe'ng	o batla hore ho etsoe'ng. Tšoara temoho ea hau ka boikok
1	monghali	monghadi	hau e le hore u tle u utloe. Kelello ke monghali ea tšosang empa e le mohlanka e
1	lihlekehi	dihlekehi	ang. Batho ba bangata ba bohlale e bile lihlekehi tsa maikutlo le filosofi tse t
1	halefisoang	halefiswang	apa ke 'na?", kelello e phathahaneng, e halefisoang, e nahanang haholo, e khukhu
1	lebisoe	lebiswe	ang ka ho fetisisa bakeng sa hau, ha ho lebisoe bochabeng — ho buuoa ho Molimo,
1	fehiloeng	fehilweng	ka maleme "ho khutsisa maikutlo a ka a fehiloeng," sengoli se qala ho utloa kho
1	otliloeng	otlilweng	e le tsohang"; ho hlaha hore sechaba se otliloeng ke komello se ne se hloka hant
1	khutlisa	kgutlisa	ho etsahala hokae. Kelello ea hau e ka khutlisa feela seo u se e jesitseng; moe
1	'khutsisa	'kgutsisa	eo ke ho 'bolaya puso ea kelello' le ho 'khutsisa lerata hloohong ea hau' e le h
1	khopisa	kgopisa	Ho khopisa litho tse ling tsa kereke
1	litho	ditho	Ho khopisa litho tse ling tsa kereke
1	mokhutšoane	mokgutshwane	moea. Haeba u rata, re ka aha mokhoa o mokhutšoane oa ho rapela-ho-utloa oo u k
1	tuloang	tulwang	Kahoo mpho ea tumelo hase konopo e tuloang kapa e timoang. Ke moeli — phele
1	timoang	timwang	ea tumelo hase konopo e tuloang kapa e timoang. Ke moeli — pheletso ea hona joa
1	liroko	diroko	eng ho baleha kotsi ea ho bonahala e le liroko — empa polelo e latelang hang ke
1	itšoara	itshwara	enyane, se haufi, se ka khutlisoang — u itšoara ka boikarabelo, u sa hlole Mango
1	hlokomelisa	hlokomedisa	Thuto e hlokomelisa hore batho ba bang ka tlhaho
1	Goliata	Godiata	phahameng… joalo ka Davida ha a bolaea Goliata" 'me kahoo ba "atisa ho tsamaea
1	ts'episo	tshepiso	tsi oa eona e le ho hlola tšabo — eseng ts'episo, 'me eseng ho tlosa bohlale.
1	arajoa	arajwa	episa hore thapelo e 'ngoe le e 'ngoe e arajoa hang-hang
1	hokahanngoa	hokahanngwa	re tumelo e nang le sebete e tlameha ho hokahanngoa le eng?
1	bokelloang	bokellwang	Tumello, e bokelloang ho batho ba bangata
1	tšeptse	tsheptse	a har'a meeli e ts'oanang eo u seng u e tšeptse. Ena ke monyako oa limpho tsa ma
1	moeling	moeding	U khaotsoe moeling oa tumelo ea hau — ha u na bonne
1	qetiloeng	qetilweng	si oa hau ke ho sebelisa mosebetsi oo o qetiloeng — le ho ba botšepehi ka sephet
1	tšoaneleha	tshwaneleha	ba seng bakae — ke ba lumelang. U se u tšoaneleha. Joalo ka mpho e 'ngoe le e '
1	hloloa	hlolwa	a jaroa ke Jesu… mademona ohle a ile a hloloa." Joale "Jesu o ile a ngola molao
1	literata	diterata	Lepolesa le seng le le boholo le tseba literata 'me le fumana liphetho tseo le
1	Botšepehi	Botshepehi	Botšepehi boo bo u sireletsa. Ha motho a
1	ikokobelitse	ikokobeditse	ea Molimo e ne e le ho boloka Pauluse a ikokobelitse ho e-na le ho tlosa lehlaba
1	lumelang'	dumelang'	hore ba fole', 'me lisupo li latela 'ba lumelang' (Mark 16:17). Hase sehlopha sa
1	rarolotsoe	rarolotswe	la letho. U phethahatsa tokelo e seng e rarolotsoe, eseng ho itlhahisa; tsoela p
1	hloekileng	hlwekileng	-motheo oa eona o motheo ke ho utloa ho hloekileng — "the Son can do nothing of
1	Elisha	Edisha	behetsoe li-giant feela — Moshe, Elia, Elisha. Mohato oa pele oa thuto ke ho u
1	Joele	Jwele	(e thehiloe ho Joele{{0}}2:28–30 — Moya o buisana le mo
1	koahetsoa	kwahetswa	itšetlehileng ka eona. Mehlolo ha e ea koahetsoa ka holimo; ke seo ho utloa ho
1	itšetlehang	itshetlehang	— "leru la mehlolo" la sebele leo u ka itšetlehang ho lona ho e-na le ho itlwae
1	'moo	mmoo	ba tsamaea le mphong ea boprofeta'; 'me 'moo ho se nang puisano… ho tla ba boima
1	jarooa	jarowa	a le pel'a hau — ntho e itseng e ntse e jarooa, 'me e ka
1	tlisitsoeng	tlisitsweng	ea fanang ka tlhaloso: eseng setsebi se tlisitsoeng ka ntle, empa ke eena eo a r
1	lootsoeng	lootsweng	lootsoeng
1	qeticoe	qeticwe	, e sa hlahang e qeticoe. Ntho e le 'ngoe e ncha mona ke
1	motšoari	motshwari	Hobane'ng ha ho romela ho hloka motšoari
1	hlalosoe	hlaloswe	leme le rapeloang ka lentsoe empa le sa hlalosoe le siea ba ka phapusing ba sa u
1	hlalosoang	hlaloswang	Lebaka la Pauluse ke hore leleme le sa hlalosoang le siea phaposi lefifing: ha
1	behetsoeng	behetsweng	seng bokhoni bo arohaneng, 'me eseng bo behetsoeng baruti feela.
1	romelitseng	romeditseng	eha. Ha u eketse letho — u tšoara seo u romelitseng ka bo hau: "mehopolo e tla k
1	rapetsoe	rapetswe	boikokobetso, e le ho haha feela, 'me e rapetsoe pele e ka buuoa. 'Me haeba u ra
1	jaroang	jarwang	maleme 'me u ameha ka khutso ho seo se jaroang.
1	Basali	Basadi	Mohlala oa thuto ke Solomone. Basali ba babeli ba ile ba tla ba loantš
1	loantšana	lwantshana	mone. Basali ba babeli ba ile ba tla ba loantšana ka hore na ngoana ke oa mang,
1	likete	dikete	g lentsoe le le leng le makatsang, empa likete tsa a manyenyane. Ke moo lithuto
1	mokhoeng	mokgweng	Ha ho letho le fetohang mokhoeng. Bohlale bo sebelisa potoloho e
1	fumantsoe	fumantswe	Ithuta ka nako e telele ho fihlela u le fumantsoe
1	khalo	kgalo	hape §3. Thuto e hatisa se fapaneng le khalo e sa tloaelehang: ke 'mpho ea ho b
1	'mpho	mmpho	fapaneng le khalo e sa tloaelehang: ke 'mpho ea ho ba le bohlale kamehla' — e l
1	Litholoana	Ditholwana	kentsoe sefateng sa morara beke eohle. Litholoana ke tholoana ea kamano e tsoel
1	khaoletsoe	kgaoletswe	— ho utloa ha ho khaoletsoe phapusing e le 'ngoe kapa mot
1	Mekhutlelo	Mekgutlelo	Mekhutlelo e mengata e
1	lipale	dipale	"Ho na le lipale tse ngata tseo ke sa kang ka li b
1	lithaba	dithaba	etsahalo tse sa tloaelehang tsa holim'a lithaba, empa bophelo bo tsitsitseng ba
1	emisoang	emiswang	Nako e telele e sa emisoang hoseng ho hong le ho hong
1	biletsoa	biletswa	3. Vorster o re Bakreste ba biletsoa hoeng?
1	hoeng	hweng	3. Vorster o re Bakreste ba biletsoa hoeng?
1	motšehare	motshehare	le ho tsohle hoseng, nakong ea lijo tsa motšehare, kapa qetellong ea bosiu. E ho
1	thatafalloa	thatafallwa	Na u thatafalloa ke ho boloka motheo — u feto
1	lipaki	dipaki	isoang tsa hau tseo u li kentseng. Bala lipaki tse seng kae mme u hlokomele mokh
1	libekeng	dibekeng	libekeng le likhoeling tse tlang — potol
1	tsamaisoe	tsamaiswe	— le hlakile ka ho lekana hore le tsamaisoe, le lekoe, le sebelisoe hamora
1	qhoebeshane	qhwebeshane	, 'me Vallotton o etsa hore boleng e be qhoebeshane ea ntho eohle:
1	hanngoa	hanngwa	le letsatsi-khoeli leqepheng o thata ho hanngoa.
1	liforomo	diforomo	diari. Ha ho hlokahale hore u sebelise liforomo tsa hae tse hatisitsoeng — sebo
1	hatisitsoeng	hatisitsweng	le hore u sebelise liforomo tsa hae tse hatisitsoeng — sebopeho ke sona se bohlo
1	siuoa	siuwa	E siuoa e se na letho qalong. U khutla 'me
1	fetoang	fetwang	maikutlo a manyenyane, a nepahetseng a fetoang ke qeto e kholo, e fosahetseng.
1	Litlaleho	Ditlaleho	a boikarabello bo hahang tumelo ea hau. Litlaleho tsena li ka sebelisoa e le lis
1	inahanetsoeng	inahanetsweng	a hau o o kopang, bo fumanoeng eseng bo inahanetsoeng feela.
1	khahlisang	kgahlisang	Tsebo e khahlisang metsoalle ea hau
1	'lifilimi	'difidimi	olo 3. Vallotton o tšoantšetsa diari le 'lifilimi tseo baithaopi ba li sebelisan
1	Lifilimi	Difidimi	Lifilimi tsa lipapali tsa bona tsa nakon
1	lihlopheng	dihlopheng	Bahlahisi ba tsoang lihlopheng tsa bona tsa khale
1	Value	Vadue	Value
1	likholomo	dikgolomo	Theha likholomo tse 'ne
1	ap'aplikeishene	ap'apdikeishene	ona sesebelisoa sohle — ha ho hlokahale ap'aplikeishene.
1	Khutla	Kgutla	Khutla 'me u koale potoloho
1	botsolloa	botsollwa	e la tsebo le ngotsoeng 'me hamorao la "botsolloa" bakeng sa nepahalo, joalo ka
1	Paulusi	Paudusi	Neo ke peo, e seng moputso. Lentsoe la Paulusi ho moruti e monyenyane ke hore a
1	koetliseditsoe	kwetliseditswe	la hau, e leng bokhoni boo u seng u bo koetliseditsoe ho tloha
1	Tšela	Tshela	Tšela poifo.
1	qhobosheane	qhoboshyane	"Poifo ke ntja e lebelang qhobosheane ea katleho ea moea. Ha ntja
1	kholoma	kgoloma	e ea katleho ea moea. Ha ntja e qala ho kholoma, re ka tseba ka botsitso hore le
1	itšoenya	itshwenya	Ho itšoenya hanyenyane ha u leka boitoanyo
1	rekisoang	rekiswang	eng kapa sebakeng sa phatlalatsa moo ho rekisoang teng 'me u rapelle motho ea u
1	tšepahale	tshepahale	peli tse etsang hore boitoanyo bona bo tšepahale, 'me kaofela tsa tsona ke tsa
1	hopoloang	hopolwang	ea hau. Lentsoe le hopoloang
1	mpontšitse	mpontshitse	u bolelle mang kapa mang hore "Molimo o mpontšitse." U botsa feela potso e tloae
1	bohalaleli	bohalaledi	Matla a Moea le bohalaleli ba oona
1	lithekiso	dithekiso	u sebeletsa (moetsi oa kofi, moetsi oa lithekiso). Kopa Morena ntho e le 'ngoe
1	aroloa	arolwa	a boeona. Vorster o ruta hore limpho li aroloa
1	bolotsoeng	bolotsweng	hore na le etsa joang." Ho fosahala ho bolotsoeng ka 'nete ho u ruta ho feta ho
1	hoholihileng	hohodihileng	ho u ruta ho feta ho nepahala hoo u ho hoholihileng.
1	sekhooa	sekgowa	Pauluse ha a nke boporofeta e le se sa sekhooa kapa se phahameng — o bolella ke
1	itlwaeditsoe	itlwaeditswe	Lentsoe la tsebo — Thuto 5, itlwaeditsoe Thuto 16–17
1	itlwaetsoang	itlwaetswang	Boporofeta — Thuto 6, e itlwaetsoang joale
1	sekhahla	sekgahla	Mantsoe ao a mararo ke sona sekhahla. Ha molekane oa hau a ahlola le
1	Litšireletso	Ditshireletso	Litšireletso tseo u seng u li tšoere
1	Tšireletso	Tshireletso	Tšireletso
1	bontlefalitsoeng	bontlefaditsweng	"Ho joalo-joalo" ho bontlefalitsoeng ho mpe ho feta ho se le
1	sokoloa	sokolwa	u bua, e le hore le se ke la sokoloa hamorao.
1	khothalitse	kgothaditse	ahlotsoe ka hore na bo ba hahile, ba ba khothalitse, kapa ba ba homolitse — esen
1	homolitse	homoditse	a hahile, ba ba khothalitse, kapa ba ba homolitse — eseng ka hore na 'nete e ne
1	nkhahile'	nkgahile'	nete'; boporofeta bo ahlotsoe ka 'na le nkhahile' (1 Cor 14:3).
1	ahloa	ahlwa	leng le khothatsang, le fanoeng 'me la ahloa
1	lifeng	difeng	ea hau ho bona hore na ke litsela lifeng tseo u li tšepang ka ho fetisisa
1	butsoe	butswe	i leo lithuto tse peli li le sieleng le butsoe
1	itšetlehe	itshetlehe	lana le Mangolo · e tlisa khotso · ha e itšetlehe ka uena.
1	Khutsisa	Kgutsisa	joale u tlameha ho mamela moea oa hau.' Khutsisa kelello pele, ebe u mamela.
1	'Moea	'Moya	✓ Ho joalo — karolo ea 2. 'Moea o Halalelang o senolela moea oa ka
1	Khutsa	Kgutsa	om a message from the Holy Spirit.{{1}} Khutsa pele, ebe u a mamela.
1	khutsong	kgutsong	u qale feela (Thuto{{0}}5); kapa u lule khutsong 'me u lumelle kelello ho khutsa
1	kenyeletsoa	kenyeletswa	sitseng e tsamaea joang bekeng ena — ho kenyeletsoa le matsatsi ao ho neng ho ut
1	holisitse	hodisitse	(Thuto 15) — li holisitse leeto la hau ka boeona. Tse
1	itlwaeditsoeng	itlwaeditsweng	(Thuto 5–13), tse itlwaeditsoeng ho motho eo u sa mo tsebe
1	khotsofatsang	kgotsofatsang	hau — se khutsitseng, se sa feleng, se khotsofatsang lenyora la hau. Ke Moea oa
1	litemana	ditemana	Vorster o beha litemana tse peli hammoho. U sa tsoa bon
1	lipelo	dipelo	tsoe ho mang: ba bonolo, ba pherekaneng lipelo, batšoaruoa — batho ba bang. Tlot
1	bolelloang	bolellwang	olela phapang eo ka ho hlaka kamoo e ka bolelloang kateng:
1	itlwaelitsoe	itlwaeditswe	Thuto 5–13 limpho · Thuto 16–18 li itlwaelitsoe ho ntša
1	chekoa	tjhekwa	tsahala ka phoso. Pele seliba se ile sa chekoa — u ile ua ithuta ho noa: ho utlo
1	thehoang	thehwang	re na u mang. Matla holim'a botho bo sa thehoang ke kotsi; botho bo se nang matl
1	cleansed'	clyansed'	perity… your character has to have been cleansed' pele ho botlalo ba matla.
1	thehoa	thehwa	e botho ke 'always the forerunner' — bo thehoa pele, pele botlalo ba matla bo tl
1	'mapeng	mmapeng	Tlholo ea hau — e taka 'mapeng, ebe u kopa tse ling
1	likholomong	dikgolomong	Taka boitoanyo ba hau likholomong tse peli
1	kholomo	kgolomo	eha. Ngola mola o le mong ka hore na ke kholomo efe eo u batlang ho e hola ka mo
1	'nile	nnile	ka kopa joang, kapa u ipotsa hore na u 'nile ua hlokomoloha seliba ha u phehell
1	qojoe	qojwe	bakeng sa ba bang, 'me o a kopuoa, ha o qojoe ka tšabo. Thuto ena e u fa mokhoa
1	flute	fdute	harp, tambourine, flute, and lyre before them, prophesying
1	bolokoang	bolokwang	o e bitsa ka mokhoa o joalo, tloaelo, e bolokoang khafetsa, eseng ketsahalo e le
1	tšoenyeha	tshwenyeha	ahoo ho kopa hase boikakaso 'me hase ho tšoenyeha; ke ngoana ea kopang Ntate ea
1	amohelloang	amohellwang	Ho na le tsela ea bobeli eo holim'a ho amohelloang ka eona, 'me hase ea motho a
1	'tloaelo	'tlwaelo	r'a moo Moea o akgelang holim'a. p. 45: 'tloaelo ea ho rapela ebe ba a tlala.'
1	Likolong	Dikolong	1. Likolong tsa baporofeta, ke eng se neng
1	boikoenehelo	boikwenehelo	O na le boikoenehelo
1	'lula	'dula	halang khafetsa,' tloaelo — 'me botho e 'lula e le eo pele' (p. 16), kahoo u tso
1	hlaolelloang	hlaolellwang	Ha thuto e hlalosa moo mehlolo e hlaolelloang teng, ha e u supetse phapoh
1	ajoa	ajwa	fanang ka limpho ka teng — ka boomo li ajoa ho pholletsa le 'mele, e le hore re
1	abetsoe	abetswe	Holy Spirit Course · p. 42 · limpho li abetsoe ka boomo
1	libukeng	dibukeng	libukeng le lithutong tsa maikutlo
1	fetisetsoa	fetisetswa	a fetisetsoa ho ba bang haholo-holo ____.
1	'limpho	'dimpho	bala hape §3. p. 42: Molimo o fa kereke 'limpho tse fapaneng e le hore re ithute
1	khutshoane	kgutshwane	ng pele ho nwa mothating, eseng tsela e khutshoane e o siyang ntho eo. Ngola mol
1	entsoetsoe	entswetswe	a ntho e le 'ngoe eo rekoto eo e neng e entsoetsoe eona:
1	setulu	setudu	e le hore ho nepahala ha hao ho hole ka setulu 'me u utloe "ka tshepo e ntseng e
1	Sebapali	Sebapadi	Sebapali ha se bapale feela — se lula fa
1	hokelletsoeng	hokelletsweng	me ho hlahloba hase bokgoni bo bocha bo hokelletsoeng — ke
1	tswaloang	tswalwang	eela, mme tloaelo ke moo ho nepahala ho tswaloang teng:
1	Secha	Setjha	oo tsoara sena pele: tlas'a Selekane se Secha, lentsoe le fosahetseng ha le u et
1	Litestamente	Ditestamente	o e hlalosa mola o hlakileng pakeng tsa Litestamente tse peli:
1	'lisebelisoa	'disebediswa	✓ Nepile — §1. p. 91: lirekoto ke 'lisebelisoa tsa ho ithuta… tse tsoanang
1	tsoanang	tswanang	koto ke 'lisebelisoa tsa ho ithuta… tse tsoanang le lifilimi tseo baithaopi ba l
1	lisebaka	disebaka	e le phethahetse' (Moshe, Jesu) — kahoo lisebaka tse se nang letho di ka tlatsoa
1	teteboa	tetebwa	eona. O sebetsa hore na jenale ea hao e teteboa kapa e mannyane — esita le liken
1	Tsoara	Tswara	Tsoara se molemo
1	kgutshoana	kgutshwana	ikutloa hang-hang bohloko lengoleng, ho kgutshoana sefubeng, ho hlaba mokokotlon
1	khathatso	kgathatso	bitsa polelong e latelang. Ke boemo ba khathatso ea boitlamo ka bo bona — "hlah
1	lipokolo	dipokolo	a kopana le Saule. Saule o tla a batla lipokolo tse lahlehileng; Samuele o bona
1	loantsha	lwantsha	e hlakileng. Re re u utloa hore motho o loantsha boikgoromosetso ba bopronograph
1	loantshanang	lwantshanang	eseng motho oa hao oa lerato, empa eo u loantshanang le eena ho fetisisa.
1	hlophetsoeng	hlophetsweng	goe ea kganya ea Molimo eo motho eo a e hlophetsoeng." E ngole
1	Treasure	Tryasure	pose of Prophetic Ministry: Looking for Treasure" (pp.{{1}}13–17), le temana ea
1	otloa	otlwa	e a e bona e sebetsa ho monna ea neng a otloa ke stroke: "Sefapanong o shwele le
1	lipapaditso	dipapaditso	a ha ho bolele ho hoeletsa kapa ho etsa lipapaditso, le ka mohla ha ho fete
1	setshoantsho	setshwantsho	araba "tokelo e phethahatswa jwang?" ka setshoantsho sa
1	Moahloli	Mwahlodi	mme a hana ho tlohela. Moahloli o inehela ka lebaka la tiisetso
1	nkhathatsa	nkgathatsa	ma mme matshwao ohle a allergy e neng e nkhathatsa bophelo ba ka bohle a ile a f
1	phekoloa'	phekolwa'	se o na le 'matla a molao a hore re ka phekoloa'; bokgoni ke ho a fetola hore e
1	motsheare'	motshyare'	Mohlolohadi o hlola ka ho tla 'bosiu le motsheare' mme a se lahle pelo. 'Ha re k
1	siyoe	siywe	letsatsi le letsatsi"), Phethahatso (e siyoe e se na letho). Ebe, joalo ka mohl
1	amanngoa	amanngwa	isitsweng, e ka etsahalang hang-hang, e amanngoa hape le ho utloa, ho hlahloba,
1	malokoana	malokwana	. Thuto ena e bolela malokoana a mabeli a ka bang ka thoko ho
1	boetsoe	boetswe	na e tsamaisang thuto: Matthew 9:29 — e boetsoe hape
1	emisitsoeng	emisitsweng	. Thuto ea 26 e siile ntho e le 'ngoe e emisitsoeng: ho ema ho ka fetoha tshebet
1	utloisisoang	utloisiswang	ho se etsa. Empa utloa kamoo se ka utloisisoang hampe kateng — "ho ea ka ka
1	moqolli	moqoldi	ema hase ho itlanya. Ke ka lebaka lena moqolli enoa a le mong, ha a ngola bopak
1	kuloa	kulwa	le mong, ha a ngola bopaki ba hae ba ho kuloa ke allergy ka matsatsi a tselela b
1	kholisehile	kgodisehile	ho ikutloa u kholisehile pele u beta pelo ho rapela.
1	Meeli	Meedi	Holy Spirit Course · p. 45 · Meeli ea 'nete
1	Liphetho	Diphetho	bang ba ileng ba hlokahala kamora moo.' Liphetho ha lia ka tsa e-ba tekanyo ea t
1	lumetse	dumetse	Bopaki ba Vorster ha bo qetelle ka 'ke lumetse ka thata ho lekaneng' empa ka le
1	qalileng	qadileng	Khutlela boemong bo le bong boo u qalileng ho ema holim'a bona ho
1	'lintlha	'dintlha	sephetho: "Tokelo e tiisitsoe; nako le 'lintlha tse fapa-fapaneng' ke tsa Hau."
1	Lekhetlong	Lekgetlong	mo", ho tlatsa seo se se phethahetseng. Lekhetlong le fetileng (
1	'peli	'pedi	ha u ntse u leta? Ho na le likarabo tse 'peli tse fosahetseng, 'me buka ea tatai
1	tshepisitsoeng	tshepisitsweng	Lilemo li ne li fetile 'me mora ea tshepisitsoeng a e-so tsoaloe. Sara o il
1	hlahisitsoeng	hlahisitsweng	(Ishmaele, ea hlahisitsoeng "ka ho leka ho etsa hore l
1	khethe	kgethe	ea hau 'me u khethe
1	khutshoanyane	kgutshwanyane	Pel'a kemello eo, ngola mela e 'meli e khutshoanyane —
1	tshoereng	tshwereng	u tseba joang hore na lentsoe leo u le tshoereng le ne le fositse e le ka 'nete
1	khotsong	kgotsong	hileng kannete — tekong, ditabeng, kapa khotsong. E nngwe ke ho fela pelo; e nng
1	cheseho	tjheseho	le boima le fihle ka bohlale, eseng ka cheseho feela.
1	bonoe	bonwe	ke seo se etsang hore e bonoe. Lentsoe le le leng, sebakeng se f
1	hlaseloa	hlaselwa	e feela. Boporofeta ha bo tshwane le ho hlaseloa moo u sa keng ua ba le taolo:
1	Moholing	Mohoding	tle le meeling, nokana e fetoha moholi. Moholing, metsi hangata a etsa tshenyo h
1	Makhetlo	Makgetlo	Makhetlo a mararo ao ho leng bohlale ho
1	literekong	diterekong	re ho lona bosiung bona le se ke la ea literekong tsa difilimi!"
1	difilimi	difidimi	iung bona le se ke la ea literekong tsa difilimi!"
1	hopotsoa	hopotswa	kgutsufatsa ho ba lenane le lokelang ho hopotsoa:
1	Liheke	Diheke	"Balebeli ba Liheke"
1	fihlelloe	fihlellwe	" se fihlelloe: "
1	ngoloe	ngolwe	§2. Pono e hlakileng kapa lentsoe le so ngoloe hase lebaka la ho hana. Vallotton
1	chesehang	tjhesehang	Ho utloisisa nako ho hlahisa potso e chesehang ho feta: ho thoeng ka lentsoe
1	fetisetsoang	fetisetswang	ho kapa batho ba busang tshebeletso… ba fetisetsoang ho 'Balebeli ba Liheke'… ho
1	felloa	fellwa	fana ka temoso ka ho hlaka pele e felloa
1	mochato	motjhato	tsi le letsatsi. Wikus Vorster o bolela mochato ka ho hlaka: e mong le e mong "o
1	mekhoeng	mekgweng	Ho tloha mekhoeng e mashome a mararo e meraro ho
1	khethiloe	kgethilwe	e e itlhahisa ka boitshepiso, e nngwe e khethiloe e ngotsoe mme e bolokoa. Molao
1	nolofalitsoeng	nolofaditsweng	Holy Spirit Course · p. 22 · Tataiso e nolofalitsoeng ke tloaelo
1	isitsoeng	isitsweng	(Thuto 14) e isitsoeng qetellong ea eona: eseng "ke m
1	namelile	namedile	etho le lecha — ke lere leo u seng u le namelile, le beiloeng ka tatelano e le h
1	khalimela	kgadimela	: sebaka se khutsitseng → koala mahlo → khalimela bobe → hloekisa kelello mme u
1	behoa	behwa	(Thuto 20), ke amohela ho behoa ha matsoho, mme ke fetisetsa mants
1	leseli	lesedi	Molao ke leseli, eseng mokoloto
1	hlolohetsoeng	hlolohetsweng	hutsitseng le sona le bala, sehokelo se hlolohetsoeng se a tlolwa mme le ka mohl
1	etsoeng	etsweng	Molao o fella eseng ho utloeng empa ho etsoeng: 'nka bohato holim'a seo u se lu
1	rutoang	rutwang	, eseng e rutoang. Mehato e meraro e phelang e lat
1	morupelli	morupeldi	bane tshebetso ea hau ea 'nete joale ke morupelli o motle ka ho fetisisa. (2) Ha
1	hlophisoe	hlophiswe	tlhaloso, kapa mehlolo li ntse li se so hlophisoe hantle-hantle. (3) Ho seng joa
1	ithutiloeng	ithutilweng	Tsohle tse ithutiloeng ho fihlela joale di u rutile
1	rutoe	rutwe	. Ena ke bokhoni bo leqheku boo ho e-so rutoe: ha motho e mong a fa
1	qojoang	qojwang	, mehato e meraro, likhalo tse peli tse qojoang. U se ke ua tima kapa ua nyelisa
1	Likhalo	Dikgalo	Likhalo tse peli, heke e le nngwe
1	ntshoa	ntshwa	alema moo litjhila tsa motse di neng di ntshoa:
1	hloekile	hlwekile	epheo hase ho ba fokolang ("ntlohele ke hloekile, u se ke wa mpolella letho")
1	kolobisoa	kolobiswa	ho kolobisoa habonolo ("haeba u porofetile
1	sesebedisoa	sesebediswa	Sena ke sesebedisoa ka bo sona: ditlhahlobo tse
1	hanoa	hanwa	entsoe le hanyetsanang le evangeli le a hanoa — leha e le "lengeloi le tsoang le
1	khaotsang	kgaotsang	— kapa ho na le ntho e ka hare ho hau e khaotsang?
1	tshwaroe	tshwarwe	E tshwaroe ka bofokoli: moelelo "ke oa Mol
1	lisebedisoa	disebediswa	. Heke hase mochini o mocha; ke lisebedisoa tseo u se u nang le tsona, d
1	bitswoa	bitswwa	a rona eo re e labalabelang. Sena se ka bitswoa
1	tlaletsoeng	tlaletsweng	sa ka "tomoso ea Bafarisi," barutuwa ba tlaletsoeng ba ile ba utloa khalimelo ka
1	lebetsoeng	lebetsweng	ba ile ba utloa khalimelo ka bohobe bo lebetsoeng — "
1	litshohlo	ditshohlo	Eketsa litshohlo tse hlano tlas'a litlhahlobo t
1	kolobisoang	kolobiswang	elo e tiyang — e seng e fokolang kapa e kolobisoang habonolo.
1	liprofeta	diprofeta	— esita le liprofeta tsa baapostola li ne li fosaha
1	rapeloe	rapelwe	o: ho khetholla moya o ka mor'a ntho, o rapeloe pele o boleloa.
1	boprofeteang	boprofetyang	etsang joalo? U tla kopana le batho ba boprofeteang holim'a hao ha e le ngata:
1	liletseletso	diletseletso	Neo e ne e le ea 'nete — "limpho le liletseletso tsa Molimo ha li khutle mor
1	laoloe	laolwe	" (Bar{{0}}11:29) — empa e ne e se e sa laoloe ke Molimo.
1	ngoletsoe	ngoletswe	Hlokomela hore taba ena e ngoletsoe
1	kholisehileng	kgodisehileng	kholisehileng
1	bapaloa	bapalwa	thuto a senolang pelo e ka mor'a neo. A bapaloa
1	susumetsoe	susumetswe	a bona. … 3. Baprofeta ba bohata ha ba susumetsoe ke lerato empa ba susumetsoa
1	Tšobotsi	Tshobotsi	Tšobotsi
1	tlotsitsoeng	tlotsitsweng	na" — ba lumella "Jesu" ea seng Mora ea tlotsitsoeng (2{{0}}Bakor{{1}}11).
1	Kalimelo	Kadimelo	Kalimelo, eseng kotlo.
1	tšenyo	tshenyo	"Kotlo e re, 'Ke tla u lefisa ka tšenyo eo u e entseng,' empa kalimelo e
1	tšepahaleng	tshepahaleng	ase lethathamo le telele la batho ba sa tšepahaleng — ke kamano e tšepahalang:
1	sentsoeng	sentsweng	Pelo e khopo, e sentsoeng ka hare
1	Lekhabunyane	Lekgabunyane	✓ Ho joalo — leq. 75. Lekhabunyane la Liketso 16 le ne le na l
1	'neo	nneo	o fosahetseng'; Bileame o ne a e-na le 'neo e tsoang ho Molimo empa e le pelo e
1	EA	YA	ho eena ka boeena (teko 3) ke matšoao a EA BOHATA; ea 'nete oa mamela 'me a ikar
1	balateli	balatedi	O isa balateli bohle ho eena ka boeena
1	'heart'	'hyart'	____. (Karabo e ngoloa ka Senyesemane: 'heart'.)
1	bapaloang	bapalwang	, e bapaloang nako e telele ka liteko tse hl
1	buoang	buwang	lentsoe le buoang khafetsa
1	khutlise	kgutlise	kamoo baeta-pele ba etsang hore ba khutlise motho ea thetsehileng ka lerato
1	kholiseheng	kgodiseheng	Na ho na le lentsoe leo u sa kholiseheng ka lona — motho eo mantsoe a
1	tšoanela	tshwanela	se ea boqhwaba. Ha u fumane neo ka ho e tšoanela kapa u eme hore bophelo ba hao
1	'Muso	Mmuso	ela eo u holisang ntho leha e le efe eo 'Muso o e fanang: ka ho e sebelisa.
1	lingoliloeng	dingodilweng	" (Baheberu{{0}}6:1–2), 'me e e thehile lingoliloeng tse tharo tse hlakileng:
1	itšikinya	itshikinya	Kahoo qeto e sebetsang hase ho itšikinya u le mong — ke ho
1	liphosong	diphosong	Thuto e u sireletsa liphosong tse peli mona. Ea pele, u se k
1	filoeng	filweng	se ba se filoeng ba fumana tse ngata haholoanyane
1	mohlokomeli	mohlokomedi	ha u sebeletsa ba bang joalo ka mohlokomeli ea molemo oa mohau o sa leka
1	lekanyetsoeng	lekanyetsweng	ka mohlokomeli ea molemo oa mohau o sa lekanyetsoeng oa Molimo" (1{{0}}Pet{{1}}
1	itoanela	itwanela	Ke sena se etsang hore u be u ntse u itoanela ka linako tsohle (
1	iteanya	ityanya	ore na u tlisa senoelo sa tumelo kapa u iteanya feela, ntlisetse le seo: letšoao
1	Judea	Judya	witnesses both in Jerusalem, and in all Judea and Samaria, and even to the remot
1	moloetsi	molwetsi	matla pele ba tsamaea. Peto pele, moloetsi ka mor'a moo.
1	'Lentsoe	'Lentswe	✓ Nepile — leq. 66. 'Lentsoe
1	holimo'	hodimo'	ng la Segerike ka mor'a 'matla a tsoang holimo': dunamis, e leng motso oa dynami
1	mokhanni	mokganni	tsela le mokhanni oa koloi
1	'nileng	nnileng	nka mohato o le mong o monyenyane oo u 'nileng ua o phamola ka lebaka la tšabo.
1	nkeloa	nkelwa	o e ikutloang e "timme" — lentsoe le sa nkeloa hloko, thapelo e ikutloang e se n
1	Makhetlong	Makgetlong	loang e se na matla? Ntlisetse nako eo. Makhetlong a robong ho a leshome ke tank
1	tšepisitsoeng	tshepisitsweng	the Holy Spirit and Gifts" — matla a tšepisitsoeng ho Liketso{{0}}1:8 ke
1	tšohanyetso	tshohanyetso	o ne ho e-na le mosali ea neng a ema ka tšohanyetso bohareng ba thuto ea moruti.
1	lateloa	latelwa	ntaha se seng le se seng. Sena se ne se lateloa ke tlhaloso e nang le lerata le
1	teaching	tyatjhing	"…each one has a psalm, has a teaching, has a revelation, has a tongue
1	Sekhala	Sekgala	… Sekhala sa lentsoe seo re se buang ho mo
1	sekhaleng	sekgaleng	sekhaleng
1	hoelelitsoeng	hweleditsweng	etseng ka sona? Lentsoe la matšeliso le hoelelitsoeng joalo ka khalemo ha e sa l
1	khalemo	kgalemo	la matšeliso le hoelelitsoeng joalo ka khalemo ha e sa le lentsoe leo A le file
1	sebelisitsoe	sebedisitswe	o u ithutileng ho Thuto{{0}}1, joale ho sebelisitsoe ho
1	lahloa	lahlwa	Lintho tse peli tse lokelang ho lahloa (leq. 70)
1	Sehoeso	Sehweso	eta" (leq.{{0}}70). Matla ha se tlotso. Sehoeso ka sekhala sa Hae se fihla hole
1	khothalletsoe	kgothalletswe	hlokahale kapa ho khothalletsoe ho sebelisa Senyesemane sa
1	'li	'di	a se molemo ho batho,' e le hore tsohle 'li etsoe bakeng sa ho haha.'
1	etsoe	etswe	molemo ho batho,' e le hore tsohle 'li etsoe bakeng sa ho haha.'
1	'sekhala'	'sekgala'	amoo u se buang, eseng seo u se buang — 'sekhala' sa lentsoe… se bua hoo eketseh
1	yelling	yelding	(no yelling, no old English — say it plainly
1	Rehearse	Rehyarse	Rehearse one word out loud, plainly
1	leading	lyading	chapter on false prophets and leading people gently out of deception
1	increasing	incryasing	"it is seldom necessary for us to yell—increasing the volume of our voice does
1	validate	vadidate	rophesying. King James English will not validate that what we are saying is from
1	qokoeng	qokweng	). Ke bana ba bararo, hobane ntlha e sa qokoeng hase lebokose leo u tsitlaletsen
1	tšoareloe	tshwarelwe	ba tšoareloe
1	'ntšoarele	nntshwarele	. Ke Bakreste ba 'ntšoarele.' Ba latela nama… Mofuta ona
1	litšepisong	ditshepisong	fana ka litšoantšo tse tharo tse tsoang litšepisong tsa Molimo ho Aborahame bake
1	Linaledi	Dinaledi	"Linaledi ha li phele sebakeng sena. Li
1	neheloa	nehelwa	. Ha bophelo ba hau bo eketseha ho neheloa bolaoling ba Hae, u tataisoa ka
1	khutliselang	kgutliselang	ha tloaelo habonolo.' Ke mokelikeli o u khutliselang tseleng ka mor'a.
1	khoeling	kgweding	? Ebe potso feela e nang le thuso: khoeling e fetileng, ke
1	Loanela	Lwanela	Thuto 41 · Loanela phallo e ncha — se lule ha selib
1	fetoloe	fetolwe	Seliba ha se fetoloe; se
1	sekhuruthele	sekguruthele	(T4), sekhuruthele sa hau sa letsatsi le letsa
1	tsoelopele	tswelopele	tsoelopele ea pelo
1	holile	hodile	bakeng sa maikutlo a ba bang. Joale ke holile
1	shoeleng	shweleng	g a tlameha ho boloa bakeng sa motho ea shoeleng. Sena se buoa ka
1	buoa	buwa	oa bakeng sa motho ea shoeleng. Sena se buoa ka
1	fetoleloa	fetolelwa	hore o re shoetse. Shibah e ka boela ea fetoleloa e le seliba sa kano kapa selib
1	buloeng	bulweng	ile ona' — ke liliba tse ts'oanang, tse buloeng hape.
1	'Mofilista	'Mofidista	✓ Ee — §1 / leq. 37. 'Mofilista o bolela moeti ea sa khutseng
1	khanyetso	kganyetso	a hape §1. Thuto e bala Mofilista eseng khanyetso e tsoang ka ntle empa e le 'ho
1	tsamaea'	tsamaya'	e tsoang ka ntle empa e le 'ho tsamaea-tsamaea' u latela nama — litakatso tsa r
1	likano	dikano	Beershebe) se "buang ka lefu la Jesu le likano/litšepiso tse tsoang ntlheng ea h
1	noeleng	nweleng	ong ke bohloko ba bophelo bo jeleng, ba noeleng, 'me ba shoa empa bo sa phelela
1	sebopuoa	sebopuwa	bo sa phelela pitso eo ba behiloeng ka sebopuoa bakeng sa eona. Pitso ena ea bo
1	phelloa	phellwa	eng sa eona. Pitso ena ea bohlokoa e ka phelloa ka botlalo feela ha re na le kam
1	litahlehelo	ditahlehelo	hati," tšimo e sa lengoang e hlaha e le litahlehelo tsa sebele —
1	emisoe	emiswe	ala tlhahlobo ena hantle: ba moea ha ba emisoe ke ho hloka tumelo kapa ho hloka
1	emisoa	emiswa	ho hloka tumelo kapa ho hloka mpho. Ba emisoa ke
1	hlalositsoeng	hlalositsweng	Lota ke bofelo ba oa moea bo hlalositsoeng ho fihlela qetellong: e ne
1	ikhetha	ikgetha	ng; ke feela bophelo bo neng bo ntse bo ikhetha kamehla. Ke oona mokelikeli o ts
1	ahloetsoe	ahlwetswe	o ahloetsoe mme o khaotsoe ka ho sa feleng
1	tšimong	tshimong	ba oa moea ke bophelo bo pholositsoeng tšimong e sa lengoang.
1	semolisi	semodisi	e leng, ka Senyesemane: 'harvest' — seo semolisi ea lulang polasing empa a sa le
1	tšoasoang	tshwaswang	"), mme phaphamalo ke e butle (Lota ea "tšoasoang ke maikutlo a hae"). Mohato o
1	lieha	dieha	Qeto, kamano, kutlo eo u lulang u e lieha "ho ea joale." E reha. Moeli oo ke
1	arajoang	arajwang	hetic-school. E araba potso ea hau e sa arajoang ka bofelo ba Mokreste oa moea;
1	amohetsoe	amohetswe	mohau — tekanyo e le nngwe e amohetsoe, ebe e nngwe e behwa hodima yo
1	litepisi	ditepisi	na kgolo ka Moyeng e utlwahala jwalo ka litepisi, eseng ho phatloha: tekanyo e n
1	lokolloe	lokollwe	sebele. Tekanyo e nngwe le e ncha ha e lokolloe ka phoso — e tla "ka tshepiso y
1	notlolloang	notlollwang	es in Christ · p. 10 · Kamoo bongata bo notlolloang ka teng
1	khaotswe	kgaotswe	na Modimo haholwanyane empa o ikutlwa o khaotswe ke phallo e nyenyane? Ntliselet
1	'nesitsweng	nnesitsweng	Hase hantle — bala §1 hape. Thuto e 'nesitsweng ho tswa leholimong' ke mokot
1	leholimong'	lehodimong'	la §1 hape. Thuto e 'nesitsweng ho tswa leholimong' ke mokotla O MOTJHA, mme tla
1	sepache	sepatjhe	o (p. 35) ho e-na le ho mamela. Ke sona sepache se seholo mokotleng. Se ngole fa
1	leseling	leseding	e a o fetola. Ha re hloke feela tlhaiso-leseling
1	manifests'	manifestsh	and Jesus becomes one the wine of love manifests' — kereke ke monyaduwa, Jesu k
1	chesang	tjhesang	Lentswe leo A o fang lona ho le bua le "chesang" — molaetsa, kgothatso, bopaki
1	treasure	tryasure	starts barking, we can be sure that the treasure he is guarding is
1	khomphase	kgomphase	khomphase
1	increases'	incryases'	your confidence grows and your accuracy increases'; re itlwaetsa ho hodisa bokgo
1	moahlodi	mwahlodi	itlhabisa dihlong e le wena feela — mme moahlodi ke seo se etsahalang hantle. Ke
1	mochineng	motjhineng	E kenye ka ho toba mochineng oo o se o o tshwereng. Nakong
1	lekoloang	lekolwang	ng ka ho fetisisa — letsatsi la hao, le lekoloang o le mong. Ena e nka mohato o
1	dinyeuoe	dinyeuwe	nutu la thapelo, moo phoso e sa tlisang dinyeuoe kapa e sa timetsa motho. Ha o r
1	poleloana	polelwana	Bohlokwa ba tlwaetso ke poleloana e le nngwe:
1	koalwa	kwalwa	L49 e ikutlwelang, selikalikwe sena se koalwa ke Modimo: o mo kopa hore a etse
1	llisoa	ldiswa	a tshelwa — mme hang-hang terompeta e a llisoa:
1	lengoa	lengwa	lotsa pitsong ya hao, seo se neng se se lengoa pele se ile sa theoswa, mme matla
1	'Matla	Mmatla	✓ Ho nepahetse — §2. 'Matla a ile a fetiswa ho tswa ho Saule
1	reroang	rerwang	e sa reroang
1	Bea	Bya	Bea sete
1	felise	fedise	o fetohela ha ho ba lokolohe kapa ha ho felise taba; thuto e a tsosa hore ho ka
1	rehearse	rehyarse	n a fearful, self-made certainty. Don't rehearse their error — ask instead:
1	Failing	Faiding	, which outranks everything else. Failing that, a
1	choose	tjhoose	through §1–§6 together: name the fear, choose the response, and locate where th
1	reachable	ryatjhable	y own life have I quietly stopped being reachable?
1	bolumeling	bodumeding	ore 'ba emetse Molimo'"; "'Ha ke lumele bolumeling bo hlophisitsoeng,' ha bothat
1	lithetsong	dithetsong	ahlomahlo oa moea ka lona, 'me e felela lithetsong tsa bolumeli"; "e seng ho itl
1	Tšepo	Tshepo	ka ba mpe ho feta lefu" (leq.{{0}}79); "Tšepo e le 'ngoe bakeng sa batho bana ke
1	tlhokomelisong	tlhokomedisong	qala ho tšepa boetapele hore bo ba ntše tlhokomelisong ea bona"; "sebaka se sese
1	tlosoa	tloswa	baka le ho amohela tokiso, ba lokela ho tlosoa selikalikoeng" (leq.{{1}}80); "Bo
1	selikalikoeng	sedikadikweng	ho amohela tokiso, ba lokela ho tlosoa selikalikoeng" (leq.{{1}}80); "Boikemelo
1	limo	dimo	u beha bokhoni bo khutsitseng ka holimo-limo, mme u hula bo bong le bo bong khah
1	pheteloe	phetelwe	ng u sa itokisa. Ha ho hlokahale hore u pheteloe hore na ke hobane'ng — ho hula
1	sethuthuoa	sethuthuwa	(Baroma{{0}}12:6, sethuthuoa sa
1	litebeli	ditebedi	Ke litebeli tse tharo tse tšoanang
1	ahiloeng	ahilweng	eo tlwaetso ena e ahiloeng holim'a eona
1	huliloeng	hudilweng	e tsona ke sete e kopaneng e batang — e huliloeng ho tsoa lithutong tse fapaneng
1	hlokofatsoa	hlokofatswa	lwantshana ho fepa feela boikutlo ba ho hlokofatsoa; monyako oa ho tsoa 'lentsoe
1	'lentsoeng'	'lentsweng'	o ba ho hlokofatsoa; monyako oa ho tsoa 'lentsoeng' le tšosang ke lerato le haha
1	khalemelo	kgalemelo	khalemelo e hlakileng e pepesang phoso k
1	tšoaretsoe	tshwaretswe	(L15), e tšoaretsoe ka bofokoli (
1	kgutsoanyane	kgutswanyane	ho beha sebaka (sete e sephara, oache e kgutsoanyane, kapa ho hula ho eketsehile
1	rutiloe	rutilwe	, 'me polelo ea "ho beoa matsoho" e rutiloe
1	phomolisang	phomodisang	u e bua ntho e utloahalang haholo mme e phomolisang haholo. Tlotso hase boemo ba
1	jarisoa	jariswa	e 'ngoe ke tekanyo e le 'ngoe e kang ho jarisoa ea botlalo bo le bong. Eo e ne e
1	neiloeng	neilweng	o, mme sebopeho sa eona ke tšepiso eo e neiloeng ho e phethahatsa — ke ka lebaka
1	nyakoang	nyakwang	ele. Kahoo tšepiso e 'ngoe le e 'ngoe e nyakoang e ntse e lokela ho fetela tlas'
1	hlolehoang	hlolehwang	)? "Tšepiso" e hlolehoang teko ke takatso ea hau ka bo
1	khatellong	kgatellong	ke karolo e fetolang litlotso ho tloha khatellong ho ea phomolong. Hang ha tšep
1	fetiseditsoeng	fetiseditsweng	ke mosebetsi oa Hae — e seng mojaro o u fetiseditsoeng:
1	halaletsoa	halaletswa	uoang) e na le nako ea ho itokisa le ho halaletsoa e beiloeng ka har'a eona ho u
1	khelosa	kgelosa	e le hore tlhohonolofatso e se ke ea re khelosa kapa ea re timetsa. Kahoo karabo
1	itlhahisitsoeng	itlhahisitsweng	ale ho sebetsa ka boiteko kapa tumelo e itlhahisitsoeng; e qala ho sebetsa ha Mo
1	bopelitsoeng	bopeditsweng	e lekantsoeng ea botlalo bo le bong, e bopelitsoeng bakeng sa morero o itseng.
1	ntšoang	ntshwang	aq.{{0}}37–38), sebaka seo litšepiso li ntšoang ho sona. 'Me hang ha u ntlisetsa
1	hlahisoang	hlahiswang	6–38 (Johanne{{1}}1:14–16; litlotso tse hlahisoang ke tšepiso; "molao o le mong
1	Lekhetlo	Lekgetlo	tso e fepang tsohle (20–22, 40–47, 55). Lekhetlo la ho qetela, ho tloha holimo.
1	tsamaisitsoe	tsamaisitswe	Teko e tšoanang ea leswao 1, joale e tsamaisitsoe ho isa qetellong.
1	moroetsana	morwetsana	kelo e tloaelehileng ea moshanyana kapa moroetsana ea entseng ho mamela hore e b
1	'Mapa	Mmapa	'Mapa o le mong — boloka sena
1	koaloa	kwalwa	. Kahoo ho phela ha thuto ena hase ho koaloa — ke
1	tšoso	tshoso	tloahalang la lentsoe la Hae; khatello, tšoso le kahlolo li supa e 'ngoe. Teko h
1	holisitsoeng	hodisitsweng	bohlale bo holisitsoeng ka sechaba sa 'nete
1	ntšitsoeng	ntshitsweng	tsebo e ntšitsoeng mehloling e tshepahalang
1	tsamaeoa	tsamaewa	ho tsamaeoa
1	rutuoa	rutuwa	ena. Mantsoe a kenngoa feela ha se u a rutuoa hantle; buka ena e ntse e hola th
1	hloekise	hlwekise	ahlo → khalemela bobe → kenya hloko 'me hloekise kelello → lumela hore Moya oa b
1	bonyefoli	bonyefodi	O bua "ka khotso". Khatello, tšhoho le bonyefoli ke matšoao a lentsoe le leng;
1	hokahantsoe	hokahantswe	phetha mokhoa oa mehato e tšeletseng (o hokahantsoe le tloaelo eo u seng u e-na
1	phekiloeng	phekilweng	butle ho utloa lentsoe le "hlakileng le phekiloeng" 'me a phela "boteng ba Hae l
1	bitsitsoeng	bitsitsweng	o mamela letsatsi le letsatsi ke seo re bitsitsoeng ho sona joalo ka Bakreste,"
1	khokahano	kgokahano	khokahano e sa khaotseng
1	boikoetliso	boikwetliso	le a mamela taelo ea ho ngola, a hlola "boikoetliso ba ho ngola bopaki ba ka" bo
1	hloloe	hlolwe	e le hore motheo o ka fetoa empa o sa "hloloe."
1	litlaleho	ditlaleho	ikarabelo bo hahang tumelo ea hau," 'me litlaleho ke lithuto "tse tšoanang le li
1	hloloeng	hlolweng	u lete ka bofokoli", "boloka lentsoe le hloloeng tekong"
1	felisang	fedisang	le fositseng ka phomolo. Tšabo eo e e felisang ke ea hore lentsoe le le leng l
1	lekanyoang	lekanywang	— sebopeho sa mohau, se sa lekanyoang ke motho, moo letsatsi le khu
1	fumanngoe	fumanngwe	fumanoa, ha li fumanngoe ka boiteko
1	Litlamorao	Ditlamorao	huto 20) ke peto e o sebetsang ka eona. Litlamorao tse peli. Neo e omeletseng ka
1	basali	basadi	bohlaleng kamehla." Solomone a ahlolang basali ba babeli ke mohlala, empa le een
1	liaparo	diaparo	ng sa mantsoe a tsebo (mabitso, libaka, liaparo, litlhoko), joale se ea ntle 'me
1	ikutloelang	ikutlwelang	lena mme se latele litlhahlobo tseo se ikutloelang hore Modimo o li file" — boe
1	boevangeli	boevangedi	se ikutloelang hore Modimo o li file" — boevangeli ka neo. Ke mokhoa o sireletse
1	Sekhutlo	Sekgutlo	Sekhutlo ho tloha ho
1	itshoara	itshwara	se etsang," 'me kamehla ho hlokahala ho itshoara hanyenyane ka mokhoa o sa phuth
1	botšelo	botshelo	sebakeng se phatlalatsa, kōpa Morena ka botšelo lentsoe ka motho e mong (ho mole
1	ngoletsoeng	ngoletsweng	(Tlhaloso = lentsoe le ngoletsoeng pele; Tšebetso = potso eo u
1	joana'	jwana'	"bua 'Morena o re joana' ha u sa ntse u ithuta", "emela ho
1	sebetsoang	sebetswang	pukaneng — selikalikoe sa nepahalo, se sebetsoang ke motho joale.
1	itloaetsa	itlwaetsa	le amohela", "eba mosa feela ka lona", "itloaetsa u le mong feela"
1	itlhoahlaotsoe	itlhwahlaotswe	lentsoe la tsebo, e le hore tse peli li itlhoahlaotsoe hammoho (ho fapanya ha bo
1	Selikalikoe	Sedikadikwe	a ha bomo ho thusang neo ho itšetleha). Selikalikoe ha se fetohe — rapellanang,
1	nkakhile	nkakgile	na le nkakhile?
1	khalemelang	kgalemelang	obe ho hona" — kutlo e sa lokang kapa e khalemelang
1	boholohali	boholohadi	Boima bo boholohali boo lentsoe le ka bo tšoara,
1	mokhelo	mokgelo	o le mong oa ho fana ka lona o se nang mokhelo: lentsoe le
1	Tšebetsong	Tshebetsong	(seo u lokelang ho se etsa), mme ke ka Tšebetsong moo "moruti kapa moetapele oa
1	thetsitsoe	thetsitswe	a thetso ke ea hore ha re tsebe hore re thetsitsoe," e le hore re "mema boetapel
1	Mekhoa	Mekgwa	Mekhoa e loketseng ea boprofeta (lentsoe
1	moroallo	morwallo	. Ntle le meeli, noka e fetoha moroallo" (letl. 69) — mekhoa e loketsen
1	libioskopong	dibioskopong	Morena, ke re ho lona... u se ke ua ea libioskopong!"); (3)
1	theotsoe	theotswe	le ho tiisa "Ke re joalo ka Morena" ho theotsoe (Thuto 30; "ha ho hlokahale han
1	moroalo	morwalo	rapela ho fihlela moroalo o tloha
1	khothaletsoe	kgothaletswe	bo botle," mme "ha ho hlokahale kapa ho khothaletsoe ho sebelisa
1	ntšetsa	ntshetsa	ro oa rona kamehla o lokela ho ba oa ho ntšetsa batho pele
1	kholoholohali	kgoloholohadi	"molumo o phahameng o bolela tlotlo e kholoholohali", "puo ea khale e paka hor
1	boa	bwa	boikarabelo bo lekanang le boa ea le fanang ho ahlola lentsoe
1	bolailoeng	bolailweng	ng u sa fetohe motho ea bofokolang (ea "bolailoeng ke tlala ke ho hana mosebetsi
1	chefotsoang	tjhefotswang	apa ea dumelang tsohle ka bo-thoto ("ea chefotsoang ke tšebeletso e mpe," letl.
1	monngoe	monngwe	fumanoeng le lekanngoa, ha le no ke le monngoe ntle le tekolo. Sesebelisoa ke
1	Bafilipi	Bafidipi	atametsa "ho Modimo le bathong ba Hae" (Bafilipi 3);
1	boikhethelo	boikgethelo	ho utloa ka boikhethelo
1	nkulaeang	nkulayang	eng le le leng e le hore ho se na se ka nkulaeang", "etsa ka lintlha ka botlalo
1	hanngoe	hanngwe	oe le sebeletsang uena khafetsa ho feta hanngoe. Sesosa se lokollang:
1	ngoanana	ngwanana	a ka nepa ka botlalo — ngoanana oa lekhoba oa Liketso 16 o ne a
1	liheleng	diheleng	o e tsoang ho Modimo empa pelo e tsoang liheleng" (neo e sala hobane "limpho le
1	khutlisoe	kgutliswe	ane "limpho le liketso tsa Modimo ha li khutlisoe," Baroma 11:29). U leka hobane
1	liqoso	diqoso	aroma 11:29). U leka hobane "e 'ngoe ea liqoso tse kholohali... ke mohopolo oa h
1	motsoalleng	motswalleng	e ho lula u lokolohile mme u sa thetsoe motsoalleng oo u o tšepang, e seng ho ts
1	thetsiloeng	thetsilweng	, hobane batho ba bangata ba thetsiloeng "ba tlonngoe ke boetapele...
1	tlonngoe	tlonngwe	ane batho ba bangata ba thetsiloeng "ba tlonngoe ke boetapele... ka hona ha ba t
1	bosoetsana	boswetsana	maikutlo a bosoetsana
1	nyeoe	nyewe	e le hore ho ba khahlanong ho ba tlatsa nyeoe. Sesosa ke hore thetso ha e le bot
1	khaola	kgaola	boikemelo le boikgohomoso (letl. 81), e khaola motho ho tsoa tokollong, e le hor
1	lekhutšoanyane	lekgutshwanyane	lebaka le lekhutšoanyane
1	ntšoa	ntshwa	ntšoa mokopanong
1	lefetsoe	lefetswe	Kaha tokelo e se e lefetsoe, u
1	lekhotla	lekgotla	joalo ka lekhotla le sebelisang molao o phethiloe
1	shoele	shwele	mo ea qenehang: mohlala oa Vorster — "u shoele le Jesu sefapanong...
1	Kea	Kya	Kea u leboha Moya o Halalelang hore u se
1	haellotsoe	haellotswe	etsatsi le khutsitseng "le paka" hore u haellotsoe ke tumelo — ho folisoa ke bot
1	Liphello	Diphello	tsela eo ka linako tsohle" (letl. 45). Liphello ha lia ka tsa e-ba sekala sa bo
1	tšohlang	tshohlang	tlang ho mo folisa." Ka hona bohloko bo tšohlang, bo sa tloaelehang haufi le mot
1	bokhutšoanyane	bokgutshwanyane	eng seo nna ke se etsang"), u rapela ka bokhutšoanyane mme u latela ka botšepehi
1	ikokobelitseng	ikokobeditseng	tsoe la tsebo), se fanoang e le potso e ikokobelitseng — empa moo tsebo e fanang
1	Litaba	Ditaba	Litaba
1	baetsalibe	baetsadibe	hloke neo ea boprofeta ho bona sebe ho baetsalibe... Ho hloka mahlo a Modimo ho
1	Tšebeletso	Tshebeletso	g') 'me... ba bitse Petrose ('lefika'). Tšebeletso ea 'nete ea boprofeta ke
1	kutloelo	kutlwelo	qhotsong. Bo lebisa thapelong, thuso le kutloelo-bohloko." Ea khetholang o "joal
1	boahlodi	bwahlodi	le boemo empa ea bo utloelang." Tšabo, boahlodi kapa seqhotsa li bolela hore ha
1	sebelisanang	sebedisanang	Neo e sebelisanang le maleme, ea robong ea 1 B
1	mokhahlelo	mokgahlelo	me, ea robong ea 1 Bakorinthe 12:8–10 — mokhahlelo oa
1	koetliselitsoeng	kwetliseditsweng	koetliselitsoeng ho fumana melaetsa ka m
1	Litšoantšo	Ditshwantsho	." Litšoantšo tse peli tsa Vallotton li bit
1	moholohali	moholohadi	li tšabang hangata li tšoere moputso o moholohali" — e le hore "ha ntja e qala
1	hlajoang	hlajwang	o" — hobane motho a le mong feela ea ka hlajoang ke lihlong ke uena, mme 'nete k
1	mochining	motjhining	" (Johanne 16:13). E kena mochining oo u seng u o na le oona: kōpa
1	koaloang	kwalwang	'ngoe, tsela e fapaneng, selikalikoe se koaloang ka mahlakoreng ka bobeli. Ke so
1	hlahlobiloeng	hlahlobilweng	"): tlhahiso e hlahlobiloeng ka botšepehi e ruta sebope
1	bokoallo	bokwallo	o itokisa, e seng ho bolela bokamoso ka bokoallo
1	chekha	tjhekga	"chekha kamoso ho e laola", "qobella tlha
1	itlhoahlaotsoa	itlhwahlaotswa	ton: "Thapelo ea boemeli ea boprofeta e itlhoahlaotsoa ha re rapela. Hangata tha
1	litemoso	ditemoso	latsa ho motho sefahlehong", "bakeng sa litemoso tse mpe feela", "ho fosa ho bol
1	tsoakano	tswakano	tsoakano
1	chesehileng	tjhesehileng	tsebo e chesehileng
1	bitsoang	bitswang	ng u o tšoere. Bokhoni tse hlano tse ka bitsoang hajoale: khetholla (Thuto 7), l
1	itekotsoeng	itekotsweng	). E siea tlaleho e nang le letsatsi, e itekotsoeng, 'me sephetho sa eona se bua
1	lahleheliloe	lahlehedilwe	e ha ho letho le tlang ho bolela hore u lahleheliloe ke neo", "bokhoni bo boima
1	hlohonolofatsoe	hlohonolofatswe	lang morao ho Modimo haholo-holo hore a hlohonolofatsoe. Sesupo se sebetsang sa
1	Khalemo	Kgalemo	Khalemo ea Jesu ho Petrose (Mareka 8:33)
1	sebelitseng	sebeditseng	("hlohonolofatsa-'na," bona sena): ba sebelitseng ka sebe se bonahalang empa "
1	Linaleli	Dinaledi	batheng mme ba bang ba fetoha linaleli. Linaleli ha li phele sebakeng sena. Li k
1	chekiloeng	tjhekilweng	a fumana metsi" (letl. 22) — seliba se chekiloeng, e seng monokotšoana o fumano
1	monokotšoana	monokotshwana	etl. 22) — seliba se chekiloeng, e seng monokotšoana o fumanoang ka lehlohonolo,
1	tšoereletsoeng	tshwereletsweng	"sehlopha seo ke tšoereletsoeng ho sona", "tataiso e bono
1	nkoang	nkwang	(Thuto 4), o nkoang teng moo u ntseng u latela Modimo
1	Holim'a	hodima	Holim'a
1	hlokolositsoe	hlokolositswe	matla semelo sa hau se tlameha ho be se hlokolositsoe ke lentsoe le buuoang la M
1	mmeli	mmedi	"mefuta e mmeli ea Bokreste", "tsoma matla, u siee
1	khau	kgau	tloaelo, e seng khau
1	tladitsoeng	tladitsweng	Leru (sechaba se tladitsoeng ke Moya / sekolo sa boprofet
1	kōpuoa	kōpuwa	kōpuoa ntle le tšabo
1	mofalli	mofaldi	Mofilista o bolela mofalli ea sa phomoleng
1	boitloaetsong	boitlwaetsong	oa ho e bula hape ha o hlolle: khutlela boitloaetsong bo neng bo tsamaea hantle
1	hlapantsoe	hlapantswe	le hore u cheka u tsoa tšepisong e se e hlapantsoe sefapanong (Thuto 10), eseng
1	thitsoe	thitswe	a mokhoa o mocha ha e omme", "seliba se thitsoe ke batho ba bang", "ema Eseke /
1	khantšang	kgantshang	— tšepiso eo Moya a e buang kapa a e khantšang e le hore e fihlela e buuoa
1	litokollo	ditokollo	Karolo ea litlotso (litokollo tse ngata tse fapaneng ho ea k
1	khethehile	kgethehile	E khethehile — e lumellana le tšepiso e it
1	lumellanngoa	dumellanngwa	tlotso e 'ngoe le e 'ngoe e lumellanngoa le tšepiso e itseng eo Modi
1	likhoebo	dikgwebo	. O ntšepisa likhoebo tse kholo mme
1	Lisethefo	Disethefo	Lisethefo tse ncha ho fapana le tse khal
1	litebello	ditebello	— litumelo, litebello, mekhoa e mabapi le kamoo Modi
1	Sekhoelo	Sekgwelo	Sekhoelo se seholo sa likereke tse ngata
1	likereke	dikereke	Sekhoelo se seholo sa likereke tse ngata mosebetsing oa Moya o
1	litlhaloso	ditlhaloso	ho tšoara litlhaloso tsa hau tse tsitsitseng ka bo
1	arotsoeng	arotsweng	šoereng "lisethefo, tse hlobotseng, tse arotsoeng le tse siohileng"
1	lemohuoang	lemohuwang	Na Moya o Halalelang o bua ka tsela e lemohuoang?" — e lekantsoeng: "Batho ba
1	thibiloeng	thibilweng	(seliba sa hau — se thibiloeng ke nama e fallang): sena ke
1	tlotsoang	tlotswang	(e tlotsoang ka ntle), empa ho tlatsoa ho b
1	lefelloe	lefellwe	sa lefelloe
1	chelete	tjhelete	veine le lebese ntle le chelete le ntle le theko
1	nyoriloe	nyorilwe	ka boiteko; u tla u nyoriloe mme u noe, "'me u
1	tahoe	tahwe	tahoe ke lerato
1	botahoa	botahwa	ha sa Pentekonta se ileng sa e nka e le botahoa. Setšoantšo sa sona se tebileng
1	monyaduoa	monyaduwa	monyaduoa
1	hlahlojoeng	hlahlojweng	maruo a sa hlahlojoeng
1	tlatsoeng	tlatsweng	... Ho tlatsoeng o tla folisa, a rata, a tsosol
1	bonngoeng	bonngweng	satsi, Thuto 14); ho etsa ho tla phalla bonngoeng joalo ka tholoana, eseng e le
1	mohiruoa	mohiruwa	eseng e le theko. U ke ngoetsi, e seng mohiruoa. E arohane le
1	Litšupiso	Ditshupiso	Litšupiso tse 'ne (moo tlotso e fihlang
1	thahasellisang	thahaseldisang	e mengata ka nako e le 'ngoe — "Ntho e thahasellisang ka Pentekonta ke
1	Tšisinyeho	Tshisinyeho	Tšisinyeho ea lefatše
1	tlatsitsoeng	tlatsitsweng	" — thabo e tletseng hoo barutuoa ba tlatsitsoeng ba neng ba "tsamaea joalo k
1	batahoa	batahwa	atsitsoeng ba neng ba "tsamaea joalo ka batahoa... Ke ka lebaka leo batho ba ile
1	tšolloang	tshollwang	pa ke sesupo se bonahalang sa lerato le tšolloang.
1	tlotsoa	tlotswa	ne e le monna ea matla. Bohle ba ile ba tlotsoa hang bakeng sa morero o itseng
1	tšollotsoe	tshollotswe	sehileng eo u e supang kae kapa kae — e tšollotsoe ho ea bokamosong boo bo se bo
1	lloang	llwang	Phetoho ea taolo leholimong (lenaka le lloang moeeng · boetapele bo fetisoa)
1	lloa	llwa	lenaka le lloa moeeng
1	tlotsoe	tlotswe	: "hang kamor'a hore Davida a tlotsoe, Saule o ile a kena mathateng ho
1	Litšepe	Ditshepe	e sie taolo ea khale e ntse e le teng. Litšepe tse peli li latela. E a
1	apesitsoe	apesitswe	oli 6:34) — monna ea neng a tšaba, ha a apesitsoe, o hulela ba bang ho eena. 'Me
1	tlotsitsoe	tlotsitswe	Modimo o ile a hlōla lira tsa ea neng a tlotsitsoe
1	apesoa	apeswa	se sebete joalo ka Gideone ea sa kang a apesoa, u le Gideone ea
1	apesitsoeng	apesitsweng	apesitsoeng
1	utloeloang	utlwelwang	o a ntse a tšaba, Thuto 48); tsohle tse utloeloang li ntse li feta liteko — e tl
1	Mekhahlelo	Mekgahlelo	Mekhahlelo e 'ne (thuto eohle · ho romel
1	bokelletsoe	bokelletswe	huto eohle — thuto e 'ngoe le e 'ngoe e bokelletsoe ka
1	Tlatsoa	Tlatswa	Tlatsoa
1	likhaolo	dikgaolo	("Walking in Power"), likhaolo